Big,B_name,Middle,M_name,Small,S_name,Micro,Micro_name,Tiny,Tiny_name,KAIST,Ebalance,현재 CGE,현재 CGE (한글),조정 CGE ,Change,Defence,
A,"농업, 임업 및 어업",1,농업,11,작물재배업,111,곡물및기타식량작물 재배업,1110,곡물 및 기타 식량작물 재배업,농림어업,농림어업,Rice & Barley & Bean & Potato,미곡 & 맥류 & 두류 & 서류,Rice & Barley & Bean & Potato,KEEP,Maintain current Agriculture,
A,"농업, 임업 및 어업",1,농업,11,작물재배업,112,"채소,화훼작물및종묘 재배업",1121,채소작물 재배업,농림어업,농림어업,Vegi,채소,Vegi,KEEP,Maintain current Agriculture,
A,"농업, 임업 및 어업",1,농업,11,작물재배업,112,"채소,화훼작물및종묘 재배업",1122,화훼작물 재배업,농림어업,농림어업,Flower,화훼,Flower,KEEP,Maintain current Agriculture,
A,"농업, 임업 및 어업",1,농업,11,작물재배업,112,"채소,화훼작물및종묘 재배업",1123,종자 및 묘목 생산업,농림어업,농림어업,MissCrop,기타작물,MissCrop,KEEP,Maintain current Agriculture,
A,"농업, 임업 및 어업",1,농업,11,작물재배업,113,"과실,음료향신용 작물재배업",1131,과실작물 재배업,농림어업,농림어업,Fruit,과수,Fruit,KEEP,Maintain current Agriculture,
A,"농업, 임업 및 어업",1,농업,11,작물재배업,113,"과실,음료향신용 작물재배업",1132,음료용 및 향신용 작물 재배업,농림어업,농림어업,MissCrop,기타작물,MissCrop,KEEP,Maintain current Agriculture,
A,"농업, 임업 및 어업",1,농업,11,작물재배업,114,기타작물재배업,1140,기타 작물 재배업,농림어업,농림어업,MissCrop,기타작물,MissCrop,KEEP,Maintain current Agriculture,
A,"농업, 임업 및 어업",1,농업,11,작물재배업,115,시설작물재배업,1151,콩나물 재배업,농림어업,농림어업,Vegi,채소,Vegi,KEEP,Maintain current Agriculture,
A,"농업, 임업 및 어업",1,농업,11,작물재배업,115,시설작물재배업,1152,"채소,화훼 및 과실작 시설재배업",농림어업,농림어업,Vegi,채소,Vegi,KEEP,Maintain current Agriculture,
A,"농업, 임업 및 어업",1,농업,11,작물재배업,115,시설작물재배업,1159,기타 시설작물 재배업,농림어업,농림어업,Vegi,채소,Vegi,KEEP,Maintain current Agriculture,
A,"농업, 임업 및 어업",1,농업,12,축산업,121,소 사육업,1211,젖소 사육업,농림어업,농림어업,Dairy,낙농,Dairy,KEEP,Maintain current Agriculture,
A,"농업, 임업 및 어업",1,농업,12,축산업,121,소 사육업,1212,육우 사육업,농림어업,농림어업,Meat,육우,Meat,KEEP,Maintain current Agriculture,
A,"농업, 임업 및 어업",1,농업,12,축산업,122,양돈업,1220,양돈업,농림어업,농림어업,Pork,양돈,Pork,KEEP,Maintain current Agriculture,
A,"농업, 임업 및 어업",1,농업,12,축산업,123,가금류조류사육업,1231,양계업,농림어업,농림어업,Poultry,가금,Poultry,KEEP,Maintain current Agriculture,
A,"농업, 임업 및 어업",1,농업,12,축산업,123,가금류조류사육업,1239,기타 가금류 및 조류 사육업,농림어업,농림어업,Poultry,가금,Poultry,KEEP,Maintain current Agriculture,
A,"농업, 임업 및 어업",1,농업,12,축산업,129,기타 축산업,1291,말 및 양 사육업,농림어업,농림어업,MissLstock,기타축산,MissLstock,KEEP,Maintain current Agriculture,
A,"농업, 임업 및 어업",1,농업,12,축산업,129,기타 축산업,1299,그외 기타 축산업,농림어업,농림어업,MissLstock,기타축산,MissLstock,KEEP,Maintain current Agriculture,
A,"농업, 임업 및 어업",1,농업,13,작물재배 축산복합농업,130,작물재배 및 축산 복합농업,1300,작물재배 및 축산 복합농업,농림어업,농림어업,MissCrop,기타작물,MissCrop,KEEP,Maintain current Agriculture,
A,"농업, 임업 및 어업",1,농업,14,작물재배 및 축산 관련 서비스업,141,작물재배 관련 서비스업,1411,작물재배 지원 서비스업,농림어업,농림어업,Commercial,상업,Commercial,KEEP,Maintain current Agriculture,
A,"농업, 임업 및 어업",1,농업,14,작물재배 및 축산 관련 서비스업,141,작물재배 관련 서비스업,1412,농산물건조선별기타수확후서비스,농림어업,농림어업,Commercial,상업,Commercial,KEEP,Maintain current Agriculture,
A,"농업, 임업 및 어업",1,농업,14,작물재배 및 축산 관련 서비스업,141,작물재배 관련 서비스업,1412,축산 관련 서비스업,농림어업,농림어업,Commercial,상업,Commercial,KEEP,Maintain current Agriculture,
A,"농업, 임업 및 어업",1,농업,15,수렵 및 관련 서비스업,150,수렵 및 관련 서비스업,1500,수렵 및 관련 서비스업,농림어업,농림어업,Commercial,상업,Commercial,KEEP,Maintain current Agriculture,
A,"농업, 임업 및 어업",2,임업,20,임업,201,영림업,2011,임업용 종묘 생산업,농림어업,농림어업,FF,임어업,FF,KEEP,Maintain current Agriculture,
A,"농업, 임업 및 어업",2,임업,20,임업,201,영림업,2012,육림업,농림어업,농림어업,FF,임어업,FF,KEEP,Maintain current Agriculture,
A,"농업, 임업 및 어업",2,임업,20,임업,201,영림업,2013,야생임산물채취업,농림어업,농림어업,FF,임어업,FF,KEEP,Maintain current Agriculture,
A,"농업, 임업 및 어업",2,임업,20,임업,202,벌목업,2020,벌목업,농림어업,농림어업,FF,임어업,FF,KEEP,Maintain current Agriculture,
A,"농업, 임업 및 어업",2,임업,20,임업,203,임업 관련 서비스업,2030,임업 관련 서비스업,농림어업,농림어업,Commercial,상업,Commercial,KEEP,Maintain current Agriculture,
A,"농업, 임업 및 어업",3,어업,31,어로어업,311,해면어업,3111,원양 어업,농림어업,농림어업,FF,임어업,FF,KEEP,Maintain current Agriculture,
A,"농업, 임업 및 어업",3,어업,31,어로어업,311,해면어업,3112,연근해 어업,농림어업,농림어업,FF,임어업,FF,KEEP,Maintain current Agriculture,
A,"농업, 임업 및 어업",3,어업,31,어로어업,312,내수면 어업,3120,내수면 어업,농림어업,농림어업,FF,임어업,FF,KEEP,Maintain current Agriculture,
A,"농업, 임업 및 어업",3,어업,32,양식어업 및 어업관련 서비스업,321,양식 어업,3211,해면 양식 어업,농림어업,농림어업,FF,임어업,FF,KEEP,Maintain current Agriculture,
A,"농업, 임업 및 어업",3,어업,32,양식어업 및 어업관련 서비스업,321,양식 어업,3212,내수면 양식 어업,농림어업,농림어업,FF,임어업,FF,KEEP,Maintain current Agriculture,
A,"농업, 임업 및 어업",3,어업,32,양식어업 및 어업관련 서비스업,321,양식 어업,3213,수산물 부화 및 종묘 생산업,농림어업,농림어업,FF,임어업,FF,KEEP,Maintain current Agriculture,
A,"농업, 임업 및 어업",3,어업,32,양식어업 및 어업관련 서비스업,322,어업관련서비스,3220,어업 관련 서비스업,농림어업,농림어업,Commercial,상업,Commercial,KEEP,Maintain current Agriculture,
B,광업,5,"석탄, 원유 및 천연가스 광업",51,석탄 광업,510,석탄 광업,5100,석탄 광업,광업,광업,Coal,석탄,Coal,KEEP,Necessary for emission estimation,
B,광업,5,"석탄, 원유 및 천연가스 광업",51,석탄 광업,510,석탄 광업,5100,석탄 광업,광업,광업,Coal,석탄,Coal,KEEP,Necessary for emission estimation,
B,광업,5,"석탄, 원유 및 천연가스 광업",52,원유 및 천연가스 채굴업,520,원유 및 천연가스 채굴업,5200,원유 및 천연가스 채굴업,광업,광업,Oil & LNG,원유 & 천연가스,Oil & LNG,KEEP,Necessary for emission estimation,
B,광업,6,금속 광업,61,철 광업,610,철 광업,6100,철 광업,광업,광업,Mining,기타광업,Mining,KEEP,,
B,광업,6,금속 광업,62,비철금속광업,621,우라늄토륨광업,6210,우라늄 및 토륨 광업,광업,광업,Mining,기타광업,Mining,KEEP,,
B,광업,6,금속 광업,62,비철금속광업,629,기타 비철금속 광업,6291,금·은 및 백금 광업,광업,광업,Mining,기타광업,Mining,KEEP,,
B,광업,6,금속 광업,62,비철금속광업,629,기타 비철금속 광업,6292,연 및 아연 광업,광업,광업,Mining,기타광업,Mining,KEEP,,
B,광업,6,금속 광업,62,비철금속광업,629,기타 비철금속 광업,6299,그외 기타 비철금속 광업,광업,광업,Mining,기타광업,Mining,KEEP,,
B,광업,7,비금속광물 광업;연료용 제외,71,토사석 광업,711,석회석 및 점토 광업,7111,석회석 광업,광업,광업,Mining,기타광업,Mining,KEEP,,
B,광업,7,비금속광물 광업;연료용 제외,71,토사석 광업,711,석회석 및 점토 광업,7112,고령토 및 기타 점토 광업,광업,광업,Mining,기타광업,Mining,KEEP,,
B,광업,7,비금속광물 광업;연료용 제외,71,토사석 광업,712,"석재, 쇄석 및 모래자갈 채취업",7121,건설용 석재 채굴업,광업,광업,Mining,기타광업,Mining,KEEP,,
B,광업,7,비금속광물 광업;연료용 제외,71,토사석 광업,712,"석재, 쇄석 및 모래자갈 채취업",7122,건설용 쇄석 생산업,광업,광업,Mining,기타광업,Mining,KEEP,,
B,광업,7,비금속광물 광업;연료용 제외,71,토사석 광업,712,"석재, 쇄석 및 모래자갈 채취업",7123,모래 및 자갈 채취업,광업,광업,Mining,기타광업,Mining,KEEP,,
B,광업,7,비금속광물 광업;연료용 제외,72,기타 비금속광물 광업,721,화학용및비료원료용광물광업,7210,화학용 및 비료원료용 광물 광업,광업,광업,Mining,기타광업,Mining,KEEP,,
B,광업,7,비금속광물 광업;연료용 제외,72,기타 비금속광물 광업,722,소금 채취업,7220,소금 채취업,광업,광업,Mining,기타광업,Mining,KEEP,,
B,광업,7,비금속광물 광업;연료용 제외,72,기타 비금속광물 광업,729,그외 기타 비금속광물 광업,7290,그외 기타 비금속광물 광업,광업,광업,Mining,기타광업,Mining,KEEP,,
B,광업,7,비금속광물 광업;연료용 제외,72,기타 비금속광물 광업,729,그외 기타 비금속광물 광업,7290,그외 기타 비금속광물 광업,광업,광업,Mining,기타광업,Mining,KEEP,,
B,광업,8,광업 지원 서비스업,80,광업 지원 서비스업,801,원유천연가스채굴서비스업,8010,원유 및 천연가스 채굴관련 서비스업,광업,광업,Mining,기타광업,Mining,KEEP,,
B,광업,8,광업 지원 서비스업,80,광업 지원 서비스업,809,기타 광업 지원 서비스업,8090,기타 광업 지원 서비스업,광업,광업,Mining,기타광업,Mining,KEEP,,
B,광업,8,광업 지원 서비스업,80,광업 지원 서비스업,809,기타 광업 지원 서비스업,8090,기타 광업 지원 서비스업,광업,광업,Mining,기타광업,Mining,KEEP,,
B,광업,8,광업 지원 서비스업,80,광업 지원 서비스업,809,기타 광업 지원 서비스업,8090,기타 광업 지원 서비스업,광업,광업,Mining,기타광업,Mining,KEEP,,
B,광업,8,광업 지원 서비스업,80,광업 지원 서비스업,809,기타 광업 지원 서비스업,8090,기타 광업 지원 서비스업,광업,광업,Mining,기타광업,Mining,KEEP,,
B,광업,8,광업 지원 서비스업,80,광업 지원 서비스업,809,기타 광업 지원 서비스업,8090,기타 광업 지원 서비스업,광업,광업,Mining,기타광업,Mining,KEEP,,
B,광업,8,광업 지원 서비스업,80,광업 지원 서비스업,809,기타 광업 지원 서비스업,8090,기타 광업 지원 서비스업,광업,광업,Mining,기타광업,Mining,KEEP,,
B,광업,8,광업 지원 서비스업,80,광업 지원 서비스업,809,기타 광업 지원 서비스업,8090,기타 광업 지원 서비스업,광업,광업,Mining,기타광업,Mining,KEEP,,
B,광업,8,광업 지원 서비스업,80,광업 지원 서비스업,809,기타 광업 지원 서비스업,8090,기타 광업 지원 서비스업,광업,광업,Mining,기타광업,Mining,KEEP,,
B,광업,8,광업 지원 서비스업,80,광업 지원 서비스업,809,기타 광업 지원 서비스업,8090,기타 광업 지원 서비스업,광업,광업,Mining,기타광업,Mining,KEEP,,
B,광업,8,광업 지원 서비스업,80,광업 지원 서비스업,809,기타 광업 지원 서비스업,8090,기타 광업 지원 서비스업,광업,광업,Mining,기타광업,Mining,KEEP,,
B,광업,8,광업 지원 서비스업,80,광업 지원 서비스업,809,기타 광업 지원 서비스업,8090,기타 광업 지원 서비스업,광업,광업,Mining,기타광업,Mining,KEEP,,
B,광업,8,광업 지원 서비스업,80,광업 지원 서비스업,809,기타 광업 지원 서비스업,8090,기타 광업 지원 서비스업,광업,광업,Mining,기타광업,Mining,KEEP,,
B,광업,8,광업 지원 서비스업,80,광업 지원 서비스업,809,기타 광업 지원 서비스업,8090,기타 광업 지원 서비스업,광업,광업,Mining,기타광업,Mining,KEEP,,
B,광업,8,광업 지원 서비스업,80,광업 지원 서비스업,809,기타 광업 지원 서비스업,8090,기타 광업 지원 서비스업,광업,광업,Mining,기타광업,Mining,KEEP,,
B,광업,8,광업 지원 서비스업,80,광업 지원 서비스업,809,기타 광업 지원 서비스업,8090,기타 광업 지원 서비스업,광업,광업,Mining,기타광업,Mining,KEEP,,
B,광업,8,광업 지원 서비스업,80,광업 지원 서비스업,809,기타 광업 지원 서비스업,8090,기타 광업 지원 서비스업,광업,광업,Mining,기타광업,Mining,KEEP,,
C,제조업,10,식료품제조업,101,"도축, 육류 가공 및 저장 처리업",1011,도축업,10110,도축업,음식료품,음식담배,Food,음식료품,Food,KEEP,,
C,제조업,10,식료품제조업,101,"도축, 육류 가공 및 저장 처리업",1012,육류 가공 및 저장 처리업,10121,가금류 가공 및 저장 처리업,음식료품,음식담배,Food,음식료품,Food,KEEP,,
C,제조업,10,식료품제조업,101,"도축, 육류 가공 및 저장 처리업",1012,육류 가공 및 저장 처리업,10129,기타 육류 가공 및 저장처리업,음식료품,음식담배,Food,음식료품,Food,KEEP,,
C,제조업,10,식료품제조업,102,수산물 가공 및 저장 처리업,1021,수산동물 가공 및 저장 처리업,10211,"수산동물 훈제, 조리 및 유사 조제식품 제조업",음식료품,음식담배,Food,음식료품,Food,KEEP,,
C,제조업,10,식료품제조업,102,수산물 가공 및 저장 처리업,1021,수산동물 가공 및 저장 처리업,10212,수산동물 건조 및 염장품 제조업,음식료품,음식담배,Food,음식료품,Food,KEEP,,
C,제조업,10,식료품제조업,102,수산물 가공 및 저장 처리업,1021,수산동물 가공 및 저장 처리업,10213,수산동물 냉동품 제조업,음식료품,음식담배,Food,음식료품,Food,KEEP,,
C,제조업,10,식료품제조업,102,수산물 가공 및 저장 처리업,1021,수산동물 가공 및 저장 처리업,10219,기타 수산동물 가공및저장처리업,음식료품,음식담배,Food,음식료품,Food,KEEP,,
C,제조업,10,식료품제조업,102,수산물 가공 및 저장 처리업,1021,수산동물 가공 및 저장 처리업,10219,기타 수산동물 가공 및 저장처리업,음식료품,음식담배,Food,음식료품,Food,KEEP,,
C,제조업,10,식료품제조업,102,수산물 가공 및 저장 처리업,1022,수산식물 가공 및 저장 처리업,10220,수산식물 가공 및 저장 처리업,음식료품,음식담배,Food,음식료품,Food,KEEP,,
C,제조업,10,식료품제조업,103,"과실, 채소 가공 및 저장 처리업",1030,"과실, 채소 가공 및 저장 처리업",10301,과실 및 채소 절임식품 제조업,음식료품,음식담배,Food,음식료품,Food,KEEP,,
C,제조업,10,식료품제조업,103,"과실, 채소 가공 및 저장 처리업",1030,"과실, 채소 가공 및 저장 처리업",10301,과실 및 채소 절임식품 제조업,음식료품,음식담배,Food,음식료품,Food,KEEP,,
C,제조업,10,식료품제조업,103,"과실, 채소 가공 및 저장 처리업",1030,"과실, 채소 가공 및 저장 처리업",10309,기타과실·채소 가공및저장처리업,음식료품,음식담배,Food,음식료품,Food,KEEP,,
C,제조업,10,식료품제조업,103,"과실, 채소 가공 및 저장 처리업",1030,"과실, 채소 가공 및 저장 처리업",10309,기타과실·채소 가공및저장처리업,음식료품,음식담배,Food,음식료품,Food,KEEP,,
C,제조업,10,식료품제조업,103,"과실, 채소 가공 및 저장 처리업",1030,"과실, 채소 가공 및 저장 처리업",10309,기타과실·채소가공및저장처리업,음식료품,음식담배,Food,음식료품,Food,KEEP,,
C,제조업,10,식료품제조업,104,동물성 및 식물성 유지 제조업,1040,동물성 및 식물성 유지 제조업,10401,동물성 유지 제조업,음식료품,음식담배,Food,음식료품,Food,KEEP,,
C,제조업,10,식료품제조업,104,동물성 및 식물성 유지 제조업,1040,동물성 및 식물성 유지 제조업,10402,식물성 유지 제조업,음식료품,음식담배,Food,음식료품,Food,KEEP,,
C,제조업,10,식료품제조업,104,동물성 및 식물성 유지 제조업,1040,동물성 및 식물성 유지 제조업,10403,식용 정제유 및 가공유 제조업,음식료품,음식담배,Food,음식료품,Food,KEEP,,
C,제조업,10,식료품제조업,105,낙농제품 및 식용빙과류 제조업,1050,낙농제품 및 식용빙과류 제조업,10501,액상시유및기타낙농제품 제조업,음식료품,음식담배,Food,음식료품,Food,KEEP,,
C,제조업,10,식료품제조업,105,낙농제품 및 식용빙과류 제조업,1050,낙농제품 및 식용빙과류 제조업,10502,아이스크림및기타식용빙과류제조,음식료품,음식담배,Food,음식료품,Food,KEEP,,
C,제조업,10,식료품제조업,106,"곡물가공품, 전분 및 전분제품 제조업",1061,곡물 가공품 제조업,10611,곡물 도정업,음식료품,음식담배,Rice,미곡,Food,CHANGE,Inseparable from KCIS 10,
C,제조업,10,식료품제조업,106,"곡물가공품, 전분 및 전분제품 제조업",1061,곡물 가공품 제조업,10612,곡물 제분업,음식료품,음식담배,Food,음식료품,Food,KEEP,,
C,제조업,10,식료품제조업,106,"곡물가공품, 전분 및 전분제품 제조업",1061,곡물 가공품 제조업,10613,제과용 혼합분말 및 반죽 제조업,음식료품,음식담배,Food,음식료품,Food,KEEP,,
C,제조업,10,식료품제조업,106,"곡물가공품, 전분 및 전분제품 제조업",1061,곡물 가공품 제조업,10619,기타 곡물가공품 제조업,음식료품,음식담배,Food,음식료품,Food,KEEP,,
C,제조업,10,식료품제조업,106,"곡물가공품, 전분 및 전분제품 제조업",1062,전분및당류제조업,10620,전분제품 및 당류 제조업,음식료품,음식담배,Food,음식료품,Food,KEEP,,
C,제조업,10,식료품제조업,106,"곡물가공품, 전분 및 전분제품 제조업",1062,전분및당류제조업,10620,전분제품 및 당류 제조업,음식료품,음식담배,Food,음식료품,Food,KEEP,,
C,제조업,10,식료품제조업,107,기타 식품 제조업,1071,"떡, 빵 및 과자류 제조업",10711,떡류 제조업,음식료품,음식담배,Food,음식료품,Food,KEEP,,
C,제조업,10,식료품제조업,107,기타 식품 제조업,1071,"떡, 빵 및 과자류 제조업",10712,빵류 제조업,음식료품,음식담배,Food,음식료품,Food,KEEP,,
C,제조업,10,식료품제조업,107,기타 식품 제조업,1071,"떡, 빵 및 과자류 제조업",10713,코코아 제품 및 과자류 제조업,음식료품,음식담배,Food,음식료품,Food,KEEP,,
C,제조업,10,식료품제조업,107,기타 식품 제조업,1071,"떡, 빵 및 과자류 제조업",10713,코코아 제품 및 과자류 제조업,음식료품,음식담배,Food,음식료품,Food,KEEP,,
C,제조업,10,식료품제조업,107,기타 식품 제조업,1072,설탕 제조업,10720,설탕 제조업,음식료품,음식담배,Food,음식료품,Food,KEEP,,
C,제조업,10,식료품제조업,107,기타 식품 제조업,1073,면류마카로니유사식품제조업,10730,"면류, 마카로니및유사식품 제조업",음식료품,음식담배,Food,음식료품,Food,KEEP,,
C,제조업,10,식료품제조업,107,기타 식품 제조업,1074,조미료 및 식품 첨가물 제조업,10741,"식초, 발효 및 화학 조미료 제조업",음식료품,음식담배,Food,음식료품,Food,KEEP,,
C,제조업,10,식료품제조업,107,기타 식품 제조업,1074,조미료 및 식품 첨가물 제조업,10742,천연 및 혼합조제 조미료 제조업,음식료품,음식담배,Food,음식료품,Food,KEEP,,
C,제조업,10,식료품제조업,107,기타 식품 제조업,1074,조미료 및 식품 첨가물 제조업,10743,장류 제조업,음식료품,음식담배,Food,음식료품,Food,KEEP,,
C,제조업,10,식료품제조업,107,기타 식품 제조업,1074,조미료 및 식품 첨가물 제조업,10749,기타 식품 첨가물 제조업,음식료품,음식담배,Food,음식료품,Food,KEEP,,
C,제조업,10,식료품제조업,107,기타 식품 제조업,1079,기타 식료품 제조업,10791,커피 가공업,음식료품,음식담배,Food,음식료품,Food,KEEP,,
C,제조업,10,식료품제조업,107,기타 식품 제조업,1079,기타 식료품 제조업,10792,차류 가공업,음식료품,음식담배,Food,음식료품,Food,KEEP,,
C,제조업,10,식료품제조업,107,기타 식품 제조업,1079,기타 식료품 제조업,10793,수프 및 균질화식품 제조업,음식료품,음식담배,Food,음식료품,Food,KEEP,,
C,제조업,10,식료품제조업,107,기타 식품 제조업,1079,기타 식료품 제조업,10794,두부 및 유사식품 제조업,음식료품,음식담배,Food,음식료품,Food,KEEP,,
C,제조업,10,식료품제조업,107,기타 식품 제조업,1079,기타 식료품 제조업,10795,인삼식품 제조업,음식료품,음식담배,Food,음식료품,Food,KEEP,,
C,제조업,10,식료품제조업,107,기타 식품 제조업,1079,기타 식료품 제조업,10796,건강보조용 액화식품 제조업,음식료품,음식담배,Food,음식료품,Food,KEEP,,
C,제조업,10,식료품제조업,107,기타 식품 제조업,1079,기타 식료품 제조업,10797,건강기능식품 제조업,음식료품,음식담배,Food,음식료품,Food,KEEP,,
C,제조업,10,식료품제조업,107,기타 식품 제조업,1079,기타 식료품 제조업,10798,도시락식사용 조리식품 제조업,음식료품,음식담배,Food,음식료품,Food,KEEP,,
C,제조업,10,식료품제조업,107,기타 식품 제조업,1079,기타 식료품 제조업,10799,그외 기타 식료품 제조업,음식료품,음식담배,Food,음식료품,Food,KEEP,,
C,제조업,10,식료품제조업,108,동물용 사료 및 조제식품 제조업,1080,동물용 사료 및 조제식품 제조업,10800,동물용 사료 및 조제식품 제조업,음식료품,음식담배,Food,음식료품,Food,KEEP,,
C,제조업,11,음료 제조업,111,알콜음료 제조업,1111,발효주 제조업,11111,탁주 및 약주 제조업,음식료품,음식담배,Food,음식료품,Food,KEEP,,
C,제조업,11,음료 제조업,111,알콜음료 제조업,1111,발효주 제조업,11112,청주 제조업,음식료품,음식담배,Food,음식료품,Food,KEEP,,
C,제조업,11,음료 제조업,111,알콜음료 제조업,1111,발효주 제조업,11113,맥아 및 맥주 제조업,음식료품,음식담배,Food,음식료품,Food,KEEP,,
C,제조업,11,음료 제조업,111,알콜음료 제조업,1111,발효주 제조업,11113,맥아 및 맥주 제조업,음식료품,음식담배,Food,음식료품,Food,KEEP,,
C,제조업,11,음료 제조업,111,알콜음료 제조업,1111,발효주 제조업,11119,기타 발효주 제조업,음식료품,음식담배,Food,음식료품,Food,KEEP,,
C,제조업,11,음료 제조업,111,알콜음료 제조업,1112,증류주 및 합성주 제조업,11121,주정 제조업,음식료품,음식담배,Food,음식료품,Food,KEEP,,
C,제조업,11,음료 제조업,111,알콜음료 제조업,1112,증류주 및 합성주 제조업,11122,소주 제조업,음식료품,음식담배,Food,음식료품,Food,KEEP,,
C,제조업,11,음료 제조업,111,알콜음료 제조업,1112,증류주 및 합성주 제조업,11129,기타 증류주 및 합성주 제조업,음식료품,음식담배,Food,음식료품,Food,KEEP,,
C,제조업,11,음료 제조업,112,비알콜음료 및 얼음 제조업,1120,비알콜음료 및 얼음 제조업,11201,얼음 제조업,음식료품,음식담배,Food,음식료품,Food,KEEP,,
C,제조업,11,음료 제조업,112,비알콜음료 및 얼음 제조업,1120,비알콜음료 및 얼음 제조업,11202,생수 생산업,음식료품,음식담배,Food,음식료품,Food,KEEP,,
C,제조업,11,음료 제조업,112,비알콜음료 및 얼음 제조업,1120,비알콜음료 및 얼음 제조업,11209,기타 비알콜음료 제조업,음식료품,음식담배,Food,음식료품,Food,KEEP,,
C,제조업,12,담배 제조업,120,담배 제조업,1200,담배 제조업,12001,담배 재건조업,음식료품,음식담배,Food,음식료품,Food,KEEP,,
C,제조업,12,담배 제조업,120,담배 제조업,1200,담배 제조업,12002,담배제품 제조업,음식료품,음식담배,Food,음식료품,Food,KEEP,,
C,제조업,13,섬유제품 제조업; 의복제외,131,방적 및 가공사 제조업,1310,방적 및 가공사 제조업,13101,면 방적업,섬유의복,섬유의복,FiberLeather,섬유가죽,FiberLeather,KEEP,,
C,제조업,13,섬유제품 제조업; 의복제외,131,방적 및 가공사 제조업,1310,방적 및 가공사 제조업,13102,모 방적업,섬유의복,섬유의복,FiberLeather,섬유가죽,FiberLeather,KEEP,,
C,제조업,13,섬유제품 제조업; 의복제외,131,방적 및 가공사 제조업,1310,방적 및 가공사 제조업,13103,화학섬유 방적업,섬유의복,섬유의복,FiberLeather,섬유가죽,FiberLeather,KEEP,,
C,제조업,13,섬유제품 제조업; 의복제외,131,방적 및 가공사 제조업,1310,방적 및 가공사 제조업,13104,연사 및 가공사 제조업,섬유의복,섬유의복,FiberLeather,섬유가죽,FiberLeather,KEEP,,
C,제조업,13,섬유제품 제조업; 의복제외,131,방적 및 가공사 제조업,1310,방적 및 가공사 제조업,13109,기타 방적업,섬유의복,섬유의복,FiberLeather,섬유가죽,FiberLeather,KEEP,,
C,제조업,13,섬유제품 제조업; 의복제외,131,방적 및 가공사 제조업,1310,방적 및 가공사 제조업,13109,기타 방적업,섬유의복,섬유의복,FiberLeather,섬유가죽,FiberLeather,KEEP,,
C,제조업,13,섬유제품 제조업; 의복제외,132,직물직조 및 직물제품 제조업,1321,직물 직조업,13211,면직물 직조업,섬유의복,섬유의복,FiberLeather,섬유가죽,FiberLeather,KEEP,,
C,제조업,13,섬유제품 제조업; 의복제외,132,직물직조 및 직물제품 제조업,1321,직물 직조업,13212,모직물 직조업,섬유의복,섬유의복,FiberLeather,섬유가죽,FiberLeather,KEEP,,
C,제조업,13,섬유제품 제조업; 의복제외,132,직물직조 및 직물제품 제조업,1321,직물 직조업,13213,화학섬유직물 직조업,섬유의복,섬유의복,FiberLeather,섬유가죽,FiberLeather,KEEP,,
C,제조업,13,섬유제품 제조업; 의복제외,132,직물직조 및 직물제품 제조업,1321,직물 직조업,13214,견직물 직조업,섬유의복,섬유의복,FiberLeather,섬유가죽,FiberLeather,KEEP,,
C,제조업,13,섬유제품 제조업; 의복제외,132,직물직조 및 직물제품 제조업,1321,직물 직조업,13219,특수직물 및 기타직물 직조업,섬유의복,섬유의복,FiberLeather,섬유가죽,FiberLeather,KEEP,,
C,제조업,13,섬유제품 제조업; 의복제외,132,직물직조 및 직물제품 제조업,1322,직물제품 제조업,13221,침구 및 관련제품 제조업,섬유의복,섬유의복,FiberLeather,섬유가죽,FiberLeather,KEEP,,
C,제조업,13,섬유제품 제조업; 의복제외,132,직물직조 및 직물제품 제조업,1322,직물제품 제조업,13222,자수제품 및 자수용재료 제조업,섬유의복,섬유의복,FiberLeather,섬유가죽,FiberLeather,KEEP,,
C,제조업,13,섬유제품 제조업; 의복제외,132,직물직조 및 직물제품 제조업,1322,직물제품 제조업,13223,커튼 및 유사제품 제조업,섬유의복,섬유의복,FiberLeather,섬유가죽,FiberLeather,KEEP,,
C,제조업,13,섬유제품 제조업; 의복제외,132,직물직조 및 직물제품 제조업,1322,직물제품 제조업,13224,천막 및 기타 캔버스 제품 제조업,섬유의복,섬유의복,FiberLeather,섬유가죽,FiberLeather,KEEP,,
C,제조업,13,섬유제품 제조업; 의복제외,132,직물직조 및 직물제품 제조업,1322,직물제품 제조업,13225,직물포대 제조업,섬유의복,섬유의복,FiberLeather,섬유가죽,FiberLeather,KEEP,,
C,제조업,13,섬유제품 제조업; 의복제외,132,직물직조 및 직물제품 제조업,1322,직물제품 제조업,13229,기타 직물제품 제조업,섬유의복,섬유의복,FiberLeather,섬유가죽,FiberLeather,KEEP,,
C,제조업,13,섬유제품 제조업; 의복제외,133,편조원단 및 편조제품 제조업,1331,편조원단 제조업,13310,편조원단 제조업,섬유의복,섬유의복,FiberLeather,섬유가죽,FiberLeather,KEEP,,
C,제조업,13,섬유제품 제조업; 의복제외,133,편조원단 및 편조제품 제조업,1332,편조제품 제조업,13320,편조제품 제조업,섬유의복,섬유의복,FiberLeather,섬유가죽,FiberLeather,KEEP,,
C,제조업,13,섬유제품 제조업; 의복제외,134,"섬유제품 염색, 정리 및 마무리 가공업",1340,"섬유제품 염색, 정리 및 마무리 가공업",13401,솜 및 실 염색가공업,섬유의복,섬유의복,FiberLeather,섬유가죽,FiberLeather,KEEP,,
C,제조업,13,섬유제품 제조업; 의복제외,134,"섬유제품 염색, 정리 및 마무리 가공업",1340,"섬유제품 염색, 정리 및 마무리 가공업",13402,직물 및 편조원단 염색 가공업,섬유의복,섬유의복,FiberLeather,섬유가죽,FiberLeather,KEEP,,
C,제조업,13,섬유제품 제조업; 의복제외,134,"섬유제품 염색, 정리 및 마무리 가공업",1340,"섬유제품 염색, 정리 및 마무리 가공업",13403,날염 가공업,섬유의복,섬유의복,FiberLeather,섬유가죽,FiberLeather,KEEP,,
C,제조업,13,섬유제품 제조업; 의복제외,134,"섬유제품 염색, 정리 및 마무리 가공업",1340,"섬유제품 염색, 정리 및 마무리 가공업",13404,섬유사 및 직물 호부처리업,섬유의복,섬유의복,FiberLeather,섬유가죽,FiberLeather,KEEP,,
C,제조업,13,섬유제품 제조업; 의복제외,134,"섬유제품 염색, 정리 및 마무리 가공업",1340,"섬유제품 염색, 정리 및 마무리 가공업",13409,기타섬유제품염색정리마무리가공,섬유의복,섬유의복,FiberLeather,섬유가죽,FiberLeather,KEEP,,
C,제조업,13,섬유제품 제조업; 의복제외,139,기타 섬유제품 제조업,1391,"카펫, 마루덮개 및 유사제품 제조업",13910,카펫마루덮개유사제품 제조업,섬유의복,섬유의복,FiberLeather,섬유가죽,FiberLeather,KEEP,,
C,제조업,13,섬유제품 제조업; 의복제외,139,기타 섬유제품 제조업,1392,"끈, 로프, 망 및 끈가공품 제조업",13921,끈 및 로프 제조업,섬유의복,섬유의복,FiberLeather,섬유가죽,FiberLeather,KEEP,,
C,제조업,13,섬유제품 제조업; 의복제외,139,기타 섬유제품 제조업,1392,"끈, 로프, 망 및 끈가공품 제조업",13922,어망 및 기타 끈가공품 제조업,섬유의복,섬유의복,FiberLeather,섬유가죽,FiberLeather,KEEP,,
C,제조업,13,섬유제품 제조업; 의복제외,139,기타 섬유제품 제조업,1399,그외 기타 섬유제품 제조업,13991,세폭직물 제조업,섬유의복,섬유의복,FiberLeather,섬유가죽,FiberLeather,KEEP,,
C,제조업,13,섬유제품 제조업; 의복제외,139,기타 섬유제품 제조업,1399,그외 기타 섬유제품 제조업,13992,부직포 및 펠트 제조업,섬유의복,섬유의복,FiberLeather,섬유가죽,FiberLeather,KEEP,,
C,제조업,13,섬유제품 제조업; 의복제외,139,기타 섬유제품 제조업,1399,그외 기타 섬유제품 제조업,13993,특수사 및 코드직물 제조업,섬유의복,섬유의복,FiberLeather,섬유가죽,FiberLeather,KEEP,,
C,제조업,13,섬유제품 제조업; 의복제외,139,기타 섬유제품 제조업,1399,그외 기타 섬유제품 제조업,13994,적층 및 표면처리 직물 제조업,섬유의복,섬유의복,FiberLeather,섬유가죽,FiberLeather,KEEP,,
C,제조업,13,섬유제품 제조업; 의복제외,139,기타 섬유제품 제조업,1399,그외 기타 섬유제품 제조업,13999,그외기타분류안된섬유제품제조업,섬유의복,섬유의복,FiberLeather,섬유가죽,FiberLeather,KEEP,,
C,제조업,13,섬유제품 제조업; 의복제외,139,기타 섬유제품 제조업,1399,그외 기타 섬유제품 제조업,13999,그외기타분류안된섬유제품제조업,섬유의복,섬유의복,FiberLeather,섬유가죽,FiberLeather,KEEP,,
C,제조업,14,"의복, 의복액세서리 및 모피제품 제조업",141,봉제의복 제조업,1411,정장 제조업,14111,남자용 정장 제조업,섬유의복,섬유의복,FiberLeather,섬유가죽,FiberLeather,KEEP,,
C,제조업,14,"의복, 의복액세서리 및 모피제품 제조업",141,봉제의복 제조업,1411,정장 제조업,14112,여자용 정장 제조업,섬유의복,섬유의복,FiberLeather,섬유가죽,FiberLeather,KEEP,,
C,제조업,14,"의복, 의복액세서리 및 모피제품 제조업",141,봉제의복 제조업,1412,내의 및 잠옷 제조업,14120,내의 및 잠옷 제조업,섬유의복,섬유의복,FiberLeather,섬유가죽,FiberLeather,KEEP,,
C,제조업,14,"의복, 의복액세서리 및 모피제품 제조업",141,봉제의복 제조업,1413,한복 제조업,14130,한복 제조업,섬유의복,섬유의복,FiberLeather,섬유가죽,FiberLeather,KEEP,,
C,제조업,14,"의복, 의복액세서리 및 모피제품 제조업",141,봉제의복 제조업,1419,기타 봉제의복 제조업,14191,셔츠 및 체육복 제조업,섬유의복,섬유의복,FiberLeather,섬유가죽,FiberLeather,KEEP,,
C,제조업,14,"의복, 의복액세서리 및 모피제품 제조업",141,봉제의복 제조업,1419,기타 봉제의복 제조업,14192,근무복 작업복및유사의복제조업,섬유의복,섬유의복,FiberLeather,섬유가죽,FiberLeather,KEEP,,
C,제조업,14,"의복, 의복액세서리 및 모피제품 제조업",141,봉제의복 제조업,1419,기타 봉제의복 제조업,14193,가죽의복 제조업,섬유의복,섬유의복,FiberLeather,섬유가죽,FiberLeather,KEEP,,
C,제조업,14,"의복, 의복액세서리 및 모피제품 제조업",141,봉제의복 제조업,1419,기타 봉제의복 제조업,14194,유아용 의복 제조업,섬유의복,섬유의복,FiberLeather,섬유가죽,FiberLeather,KEEP,,
C,제조업,14,"의복, 의복액세서리 및 모피제품 제조업",141,봉제의복 제조업,1419,기타 봉제의복 제조업,14199,그외 기타 봉제의복 제조업,섬유의복,섬유의복,FiberLeather,섬유가죽,FiberLeather,KEEP,,
C,제조업,14,"의복, 의복액세서리 및 모피제품 제조업",142,모피가공 및 모피제품 제조업,1420,모피가공 및 모피제품 제조업,14201,원모피 가공업,섬유의복,섬유의복,FiberLeather,섬유가죽,FiberLeather,KEEP,,
C,제조업,14,"의복, 의복액세서리 및 모피제품 제조업",142,모피가공 및 모피제품 제조업,1420,모피가공 및 모피제품 제조업,14202,천연모피제품 제조업,섬유의복,섬유의복,FiberLeather,섬유가죽,FiberLeather,KEEP,,
C,제조업,14,"의복, 의복액세서리 및 모피제품 제조업",142,모피가공 및 모피제품 제조업,1420,모피가공 및 모피제품 제조업,14203,인조모피및인조모피제품제조업,섬유의복,섬유의복,FiberLeather,섬유가죽,FiberLeather,KEEP,,
C,제조업,14,"의복, 의복액세서리 및 모피제품 제조업",143,편조의복 제조업,1430,편조의복 제조업,14300,편조의복 제조업,섬유의복,섬유의복,FiberLeather,섬유가죽,FiberLeather,KEEP,,
C,제조업,14,"의복, 의복액세서리 및 모피제품 제조업",144,의복 액세서리 제조업,1441,편조의복 액세서리 제조업,14411,스타킹 및 기타양말 제조업,섬유의복,섬유의복,FiberLeather,섬유가죽,FiberLeather,KEEP,,
C,제조업,14,"의복, 의복액세서리 및 모피제품 제조업",144,의복 액세서리 제조업,1441,편조의복 액세서리 제조업,14419,기타 편조의복 액세서리 제조업,섬유의복,섬유의복,FiberLeather,섬유가죽,FiberLeather,KEEP,,
C,제조업,14,"의복, 의복액세서리 및 모피제품 제조업",144,의복 액세서리 제조업,1449,기타 의복액세서리 제조업,14491,모자 제조업,섬유의복,섬유의복,FiberLeather,섬유가죽,FiberLeather,KEEP,,
C,제조업,14,"의복, 의복액세서리 및 모피제품 제조업",144,의복 액세서리 제조업,1449,기타 의복액세서리 제조업,14499,그외 기타 의복액세서리 제조업,섬유의복,섬유의복,FiberLeather,섬유가죽,FiberLeather,KEEP,,
C,제조업,14,"의복, 의복액세서리 및 모피제품 제조업",144,의복 액세서리 제조업,1449,기타 의복액세서리 제조업,14499,그외 기타 의복액세서리 제조업,섬유의복,섬유의복,FiberLeather,섬유가죽,FiberLeather,KEEP,,
C,제조업,15,"가죽, 가방 및 신발 제조업",151,"가죽, 가방 및 유사제품 제조업",1511,원피가공 및 가죽 제조업,15110,원피가공 및 가죽 제조업,섬유의복,섬유의복,FiberLeather,섬유가죽,FiberLeather,KEEP,,
C,제조업,15,"가죽, 가방 및 신발 제조업",151,"가죽, 가방 및 유사제품 제조업",1511,원피가공 및 가죽 제조업,15110,원피가공 및 가죽 제조업,섬유의복,섬유의복,FiberLeather,섬유가죽,FiberLeather,KEEP,,
C,제조업,15,"가죽, 가방 및 신발 제조업",151,"가죽, 가방 및 유사제품 제조업",1512,"핸드백, 가방 및 기타 보호용 케이스 제조업",15121,핸드백 및 지갑 제조업,섬유의복,섬유의복,FiberLeather,섬유가죽,FiberLeather,KEEP,,
C,제조업,15,"가죽, 가방 및 신발 제조업",151,"가죽, 가방 및 유사제품 제조업",1512,"핸드백, 가방 및 기타 보호용 케이스 제조업",15129,가방기타 보호용 케이스 제조업,섬유의복,섬유의복,FiberLeather,섬유가죽,FiberLeather,KEEP,,
C,제조업,15,"가죽, 가방 및 신발 제조업",151,"가죽, 가방 및 유사제품 제조업",1519,기타 가죽제품 제조업,15190,기타 가죽제품 제조업,섬유의복,섬유의복,FiberLeather,섬유가죽,FiberLeather,KEEP,,
C,제조업,15,"가죽, 가방 및 신발 제조업",152,신발 및 신발부분품 제조업,1521,신발제조업,15211,구두류 제조업,섬유의복,섬유의복,FiberLeather,섬유가죽,FiberLeather,KEEP,,
C,제조업,15,"가죽, 가방 및 신발 제조업",152,신발 및 신발부분품 제조업,1521,신발제조업,15219,기타 신발 제조업,섬유의복,섬유의복,FiberLeather,섬유가죽,FiberLeather,KEEP,,
C,제조업,15,"가죽, 가방 및 신발 제조업",152,신발 및 신발부분품 제조업,1522,신발부분품 제조업,15220,신발부분품 제조업,섬유의복,섬유의복,FiberLeather,섬유가죽,FiberLeather,KEEP,,
C,제조업,16,목재 및 나무제품 제조업;가구제외,161,제재 및 목재 가공업,1610,제재 및 목재 가공업,16101,일반 제재업,제지목재,목재나무,WoodPaper,제지목재,WoodPaper,KEEP,,
C,제조업,16,목재 및 나무제품 제조업;가구제외,161,제재 및 목재 가공업,1610,제재 및 목재 가공업,16102,표면가공목재 및 특정 목적용 제재목 제조업,제지목재,목재나무,WoodPaper,제지목재,WoodPaper,KEEP,,
C,제조업,16,목재 및 나무제품 제조업;가구제외,161,제재 및 목재 가공업,1610,제재 및 목재 가공업,16103,"목재 보존, 방부처리, 도장 및 유사 처리업",제지목재,목재나무,WoodPaper,제지목재,WoodPaper,KEEP,,
C,제조업,16,목재 및 나무제품 제조업;가구제외,162,나무제품 제조업,1621,"박판, 합판 및 강화목제품 제조업",16211,"박판, 합판 및 유사적층판 제조업",제지목재,목재나무,WoodPaper,제지목재,WoodPaper,KEEP,,
C,제조업,16,목재 및 나무제품 제조업;가구제외,162,나무제품 제조업,1621,"박판, 합판 및 강화목제품 제조업",16212,강화 및 재생 목재 제조업,제지목재,목재나무,WoodPaper,제지목재,WoodPaper,KEEP,,
C,제조업,16,목재 및 나무제품 제조업;가구제외,162,나무제품 제조업,1622,건축용 나무제품 제조업,16221,목재문 및 관련제품 제조업,제지목재,목재나무,WoodPaper,제지목재,WoodPaper,KEEP,,
C,제조업,16,목재 및 나무제품 제조업;가구제외,162,나무제품 제조업,1622,건축용 나무제품 제조업,16229,기타 건축용 나무제품 제조업,제지목재,목재나무,WoodPaper,제지목재,WoodPaper,KEEP,,
C,제조업,16,목재 및 나무제품 제조업;가구제외,162,나무제품 제조업,1623,"목재 상자, 드럼 및 적재판 제조업",16231,목재 깔판류 및기타적재판제조업,제지목재,목재나무,WoodPaper,제지목재,WoodPaper,KEEP,,
C,제조업,16,목재 및 나무제품 제조업;가구제외,162,나무제품 제조업,1623,"목재 상자, 드럼 및 적재판 제조업",16232,"목재 포장용 상자, 드럼 및 유사용기 제조업",제지목재,목재나무,WoodPaper,제지목재,WoodPaper,KEEP,,
C,제조업,16,목재 및 나무제품 제조업;가구제외,162,나무제품 제조업,1629,기타 나무제품 제조업,16291,목재 도구 및 기구 제조업,제지목재,목재나무,WoodPaper,제지목재,WoodPaper,KEEP,,
C,제조업,16,목재 및 나무제품 제조업;가구제외,162,나무제품 제조업,1629,기타 나무제품 제조업,16292,주방용 및 식탁용 목제품 제조업,제지목재,목재나무,WoodPaper,제지목재,WoodPaper,KEEP,,
C,제조업,16,목재 및 나무제품 제조업;가구제외,162,나무제품 제조업,1629,기타 나무제품 제조업,16293,장식용 목제품 제조업,제지목재,목재나무,WoodPaper,제지목재,WoodPaper,KEEP,,
C,제조업,16,목재 및 나무제품 제조업;가구제외,162,나무제품 제조업,1629,기타 나무제품 제조업,16299,그외 기타 나무제품 제조업,제지목재,목재나무,WoodPaper,제지목재,WoodPaper,KEEP,,
C,제조업,16,목재 및 나무제품 제조업;가구제외,163,코르크 및 조물 제품 제조업,1630,코르크 및 조물 제품 제조업,16301,코르크 제품 제조업,제지목재,목재나무,WoodPaper,제지목재,WoodPaper,KEEP,,
C,제조업,16,목재 및 나무제품 제조업;가구제외,163,코르크 및 조물 제품 제조업,1630,코르크 및 조물 제품 제조업,16302,돗자리 및 기타 조물제품 제조업,제지목재,목재나무,WoodPaper,제지목재,WoodPaper,KEEP,,
C,제조업,17,"펄프, 종이 및 종이제품 제조업",171,"펄프, 종이 및 판지 제조업",1711,펄프 제조업,17110,펄프 제조업,제지목재,펄프인쇄,WoodPaper,제지목재,WoodPaper,KEEP,,
C,제조업,17,"펄프, 종이 및 종이제품 제조업",171,"펄프, 종이 및 판지 제조업",1712,종이 및 판지 제조업,17121,신문용지 제조업,제지목재,펄프인쇄,WoodPaper,제지목재,WoodPaper,KEEP,,
C,제조업,17,"펄프, 종이 및 종이제품 제조업",171,"펄프, 종이 및 판지 제조업",1712,종이 및 판지 제조업,17122,인쇄용 및 필기용 원지 제조업,제지목재,펄프인쇄,WoodPaper,제지목재,WoodPaper,KEEP,,
C,제조업,17,"펄프, 종이 및 종이제품 제조업",171,"펄프, 종이 및 판지 제조업",1712,종이 및 판지 제조업,17123,크라프트지 및 상자용판지제조업,제지목재,펄프인쇄,WoodPaper,제지목재,WoodPaper,KEEP,,
C,제조업,17,"펄프, 종이 및 종이제품 제조업",171,"펄프, 종이 및 판지 제조업",1712,종이 및 판지 제조업,17124,"적층, 합성 및 특수표면처리 종이 제조업",제지목재,펄프인쇄,WoodPaper,제지목재,WoodPaper,KEEP,,
C,제조업,17,"펄프, 종이 및 종이제품 제조업",171,"펄프, 종이 및 판지 제조업",1712,종이 및 판지 제조업,17129,기타 종이 및 판지 제조업,제지목재,펄프인쇄,WoodPaper,제지목재,WoodPaper,KEEP,,
C,제조업,17,"펄프, 종이 및 종이제품 제조업",172,"골판지, 종이 상자 및 종이 용기 제조업",1721,골판지 및 골판지상자 제조업,17210,골판지 및 골판지상자 제조업,제지목재,펄프인쇄,WoodPaper,제지목재,WoodPaper,KEEP,,
C,제조업,17,"펄프, 종이 및 종이제품 제조업",172,"골판지, 종이 상자 및 종이 용기 제조업",1722,"종이포대, 판지상자 및 종이용기 제조업",17221,종이 포대 및 가방 제조업,제지목재,펄프인쇄,WoodPaper,제지목재,WoodPaper,KEEP,,
C,제조업,17,"펄프, 종이 및 종이제품 제조업",172,"골판지, 종이 상자 및 종이 용기 제조업",1722,"종이포대, 판지상자 및 종이용기 제조업",17222,판지 상자 및 용기 제조업,제지목재,펄프인쇄,WoodPaper,제지목재,WoodPaper,KEEP,,
C,제조업,17,"펄프, 종이 및 종이제품 제조업",172,"골판지, 종이 상자 및 종이 용기 제조업",1722,"종이포대, 판지상자 및 종이용기 제조업",17223,식품 위생용종이상자용기제조업,제지목재,펄프인쇄,WoodPaper,제지목재,WoodPaper,KEEP,,
C,제조업,17,"펄프, 종이 및 종이제품 제조업",172,"골판지, 종이 상자 및 종이 용기 제조업",1722,"종이포대, 판지상자 및 종이용기 제조업",17229,기타 종이 상자 및 용기 제조업,제지목재,펄프인쇄,WoodPaper,제지목재,WoodPaper,KEEP,,
C,제조업,17,"펄프, 종이 및 종이제품 제조업",179,기타 종이 및 판지 제품 제조업,1790,기타 종이 및 판지 제품 제조업,17901,문구용 종이제품 제조업,제지목재,펄프인쇄,WoodPaper,제지목재,WoodPaper,KEEP,,
C,제조업,17,"펄프, 종이 및 종이제품 제조업",179,기타 종이 및 판지 제품 제조업,1790,기타 종이 및 판지 제품 제조업,17902,위생용 종이제품 제조업,제지목재,펄프인쇄,WoodPaper,제지목재,WoodPaper,KEEP,,
C,제조업,17,"펄프, 종이 및 종이제품 제조업",179,기타 종이 및 판지 제품 제조업,1790,기타 종이 및 판지 제품 제조업,17903,벽지 및 장판지 제조업,제지목재,펄프인쇄,WoodPaper,제지목재,WoodPaper,KEEP,,
C,제조업,17,"펄프, 종이 및 종이제품 제조업",179,기타 종이 및 판지 제품 제조업,1790,기타 종이 및 판지 제품 제조업,17909,그외기타종이및판지 제품 제조업,제지목재,펄프인쇄,WoodPaper,제지목재,WoodPaper,KEEP,,
C,제조업,17,"펄프, 종이 및 종이제품 제조업",179,기타 종이 및 판지 제품 제조업,1790,기타 종이 및 판지 제품 제조업,17909,그외기타종이및판지제품 제조업,제지목재,펄프인쇄,WoodPaper,제지목재,WoodPaper,KEEP,,
C,제조업,18,인쇄 및 기록매체 복제업,181,인쇄 및 인쇄관련 산업,1811,인쇄업,18111,경 인쇄업,제지목재,펄프인쇄,WoodPaper,제지목재,WoodPaper,KEEP,,
C,제조업,18,인쇄 및 기록매체 복제업,181,인쇄 및 인쇄관련 산업,1811,인쇄업,18112,스크린 인쇄업,제지목재,펄프인쇄,WoodPaper,제지목재,WoodPaper,KEEP,,
C,제조업,18,인쇄 및 기록매체 복제업,181,인쇄 및 인쇄관련 산업,1811,인쇄업,18119,기타 인쇄업,제지목재,펄프인쇄,WoodPaper,제지목재,WoodPaper,KEEP,,
C,제조업,18,인쇄 및 기록매체 복제업,181,인쇄 및 인쇄관련 산업,1812,인쇄관련 산업,18121,제판 및 조판업,제지목재,펄프인쇄,WoodPaper,제지목재,WoodPaper,KEEP,,
C,제조업,18,인쇄 및 기록매체 복제업,181,인쇄 및 인쇄관련 산업,1812,인쇄관련 산업,18122,제책업,제지목재,펄프인쇄,WoodPaper,제지목재,WoodPaper,KEEP,,
C,제조업,18,인쇄 및 기록매체 복제업,181,인쇄 및 인쇄관련 산업,1812,인쇄관련 산업,18129,기타 인쇄관련 산업,제지목재,펄프인쇄,WoodPaper,제지목재,WoodPaper,KEEP,,
C,제조업,18,인쇄 및 기록매체 복제업,182,기록매체 복제업,1820,기록매체 복제업,18200,기록매체 복제업,제지목재,펄프인쇄,Commercial,상업,WoodPaper,CHANGE,Inseparable from KCIS18,
C,제조업,19,"코크스, 연탄 및 석유정제품 제조업",191,코크스 및 연탄 제조업,1910,코크스 및 연탄 제조업,19101,코크스 및 관련제품 제조업,기타제조,기타에너지,CoalPro,석탄제품,CoalPro,KEEP,Necessary for emission estimation,
C,제조업,19,"코크스, 연탄 및 석유정제품 제조업",191,코크스 및 연탄 제조업,1910,코크스 및 연탄 제조업,19102,연탄 및 기타 석탄 가공품 제조업,기타제조,기타에너지,CoalPro,석탄제품,CoalPro,KEEP,Necessary for emission estimation,
C,제조업,19,"코크스, 연탄 및 석유정제품 제조업",191,코크스 및 연탄 제조업,1910,코크스 및 연탄 제조업,19102,연탄 및 기타 석탄 가공품 제조업,기타제조,기타에너지,CoalPro,석탄제품,CoalPro,KEEP,Necessary for emission estimation,
C,제조업,19,"코크스, 연탄 및 석유정제품 제조업",192,석유 정제품 제조업,1921,원유 정제처리업,19210,원유 정제처리업,정유,석유화학,ROIL,정유,Oilpro & Gasoline & Jetoil & Kerosene & Diesel & Fueloil & LPG,CHANGE,,
C,제조업,19,"코크스, 연탄 및 석유정제품 제조업",192,석유 정제품 제조업,1922,석유정제물 재처리업,19221,윤활유 및 그리스 제조업,정유,석유화학,ROIL,정유,Oilpro & Gasoline & Jetoil & Kerosene & Diesel & Fueloil & LPG,CHANGE,,
C,제조업,19,"코크스, 연탄 및 석유정제품 제조업",192,석유 정제품 제조업,1922,석유정제물 재처리업,19229,기타 석유정제물 재처리업,정유,석유화학,ROIL,정유,Oilpro & Gasoline & Jetoil & Kerosene & Diesel & Fueloil & LPG,CHANGE,,
C,제조업,20,화학물질 및 화학제품 제조업;의약품 제외,201,기초화학물질 제조업,2011,기초유기화학물질 제조업,20111,석유화학계 기초화학물질 제조업,석유화학,석유화학,Orgchem,석유화학,Chemistry,CHANGE,Name change,
C,제조업,20,화학물질 및 화학제품 제조업;의약품 제외,201,기초화학물질 제조업,2011,기초유기화학물질 제조업,20112,천연수지 및 나무화학물질 제조업,석유화학,석유화학,MissManu,기타제조,Chemistry,CHANGE,"Chemistry covers all chemistry, not only organic chemistry",
C,제조업,20,화학물질 및 화학제품 제조업;의약품 제외,201,기초화학물질 제조업,2011,기초유기화학물질 제조업,20119,기타 기초유기화학물질 제조업,석유화학,석유화학,MissManu,기타제조,Chemistry,CHANGE,"Chemistry covers all chemistry, not only organic chemistry",
C,제조업,20,화학물질 및 화학제품 제조업;의약품 제외,201,기초화학물질 제조업,2011,기초유기화학물질 제조업,20119,기타 기초유기화학물질 제조업,석유화학,석유화학,MissManu,기타제조,Chemistry,CHANGE,"Chemistry covers all chemistry, not only organic chemistry",
C,제조업,20,화학물질 및 화학제품 제조업;의약품 제외,201,기초화학물질 제조업,2012,기초 무기화학물질 제조업,20121,산업용 가스 제조업,석유화학,석유화학,MissManu,기타제조,Chemistry,CHANGE,"Chemistry covers all chemistry, not only organic chemistry",
C,제조업,20,화학물질 및 화학제품 제조업;의약품 제외,201,기초화학물질 제조업,2012,기초 무기화학물질 제조업,20129,기타 기초무기화학물질 제조업,석유화학,석유화학,MissManu,기타제조,Chemistry,CHANGE,"Chemistry covers all chemistry, not only organic chemistry",
C,제조업,20,화학물질 및 화학제품 제조업;의약품 제외,201,기초화학물질 제조업,2012,기초 무기화학물질 제조업,20129,기타 기초 무기화학물질 제조업,석유화학,석유화학,MissManu,기타제조,Chemistry,CHANGE,"Chemistry covers all chemistry, not only organic chemistry",
C,제조업,20,화학물질 및 화학제품 제조업;의약품 제외,201,기초화학물질 제조업,2013,"무기안료, 염료, 유연제 및 기타착색제 제조업",20131,무기안료및기타금속산화물제조업,석유화학,석유화학,MissManu,기타제조,Chemistry,CHANGE,"Chemistry covers all chemistry, not only organic chemistry",
C,제조업,20,화학물질 및 화학제품 제조업;의약품 제외,201,기초화학물질 제조업,2013,"무기안료, 염료, 유연제 및 기타착색제 제조업",20132,"합성염료, 유연제 및 기타착색제 제조업",석유화학,석유화학,MissManu,기타제조,Chemistry,CHANGE,"Chemistry covers all chemistry, not only organic chemistry",
C,제조업,20,화학물질 및 화학제품 제조업;의약품 제외,202,비료 및 질소화합물 제조업,2020,비료 및 질소화합물 제조업,20201,"질소, 인산 및 칼리질 비료 제조업",석유화학,석유화학,MissManu,기타제조,Chemistry,CHANGE,"Chemistry covers all chemistry, not only organic chemistry",
C,제조업,20,화학물질 및 화학제품 제조업;의약품 제외,202,비료 및 질소화합물 제조업,2020,비료 및 질소화합물 제조업,20202,복합비료 제조업,석유화학,석유화학,MissManu,기타제조,Chemistry,CHANGE,"Chemistry covers all chemistry, not only organic chemistry",
C,제조업,20,화학물질 및 화학제품 제조업;의약품 제외,202,비료 및 질소화합물 제조업,2020,비료 및 질소화합물 제조업,20209,기타 비료 및 질소화합물 제조업,석유화학,석유화학,MissManu,기타제조,Chemistry,CHANGE,"Chemistry covers all chemistry, not only organic chemistry",
C,제조업,20,화학물질 및 화학제품 제조업;의약품 제외,203,합성고무 및 플라스틱 물질 제조업,2030,합성고무 및 플라스틱 물질 제조업,20301,합성고무 제조업,석유화학,석유화학,Orgchem,석유화학,Chemistry,CHANGE,Name change,
C,제조업,20,화학물질 및 화학제품 제조업;의약품 제외,203,합성고무 및 플라스틱 물질 제조업,2030,합성고무 및 플라스틱 물질 제조업,20302,합성수지 및 기타 플라스틱물질 제조업,석유화학,석유화학,Orgchem,석유화학,Chemistry,CHANGE,Name change,
C,제조업,20,화학물질 및 화학제품 제조업;의약품 제외,203,합성고무 및 플라스틱 물질 제조업,2030,합성고무 및 플라스틱 물질 제조업,20303,가공 및 재생플라스틱원료생산업,석유화학,석유화학,Orgchem,석유화학,Chemistry,CHANGE,Name change,
C,제조업,20,화학물질 및 화학제품 제조업;의약품 제외,204,기타 화학제품 제조업,2041,살충제 및 기타농약 제조업,20411,가정용 살균 및 살충제 제조업,석유화학,석유화학,MissManu,기타제조,Chemistry,CHANGE,"Chemistry covers all chemistry, not only organic chemistry",
C,제조업,20,화학물질 및 화학제품 제조업;의약품 제외,204,기타 화학제품 제조업,2041,살충제 및 기타농약 제조업,20412,농약 제조업,석유화학,석유화학,MissManu,기타제조,Chemistry,CHANGE,"Chemistry covers all chemistry, not only organic chemistry",
C,제조업,20,화학물질 및 화학제품 제조업;의약품 제외,204,기타 화학제품 제조업,2042,"잉크, 페인트, 코팅제 및 유사제품 제조업",20421,일반용 도료 및 관련제품 제조업,석유화학,석유화학,MissManu,기타제조,Chemistry,CHANGE,"Chemistry covers all chemistry, not only organic chemistry",
C,제조업,20,화학물질 및 화학제품 제조업;의약품 제외,204,기타 화학제품 제조업,2042,"잉크, 페인트, 코팅제 및 유사제품 제조업",20422,요업용 유약 및 관련제품 제조업,석유화학,석유화학,MissManu,기타제조,Chemistry,CHANGE,"Chemistry covers all chemistry, not only organic chemistry",
C,제조업,20,화학물질 및 화학제품 제조업;의약품 제외,204,기타 화학제품 제조업,2042,"잉크, 페인트, 코팅제 및 유사제품 제조업",20423,인쇄잉크 제조업,석유화학,석유화학,MissManu,기타제조,Chemistry,CHANGE,"Chemistry covers all chemistry, not only organic chemistry",
C,제조업,20,화학물질 및 화학제품 제조업;의약품 제외,204,기타 화학제품 제조업,2042,"잉크, 페인트, 코팅제 및 유사제품 제조업",20424,회화용 물감 제조업,석유화학,석유화학,MissManu,기타제조,Chemistry,CHANGE,"Chemistry covers all chemistry, not only organic chemistry",
C,제조업,20,화학물질 및 화학제품 제조업;의약품 제외,204,기타 화학제품 제조업,2043,"세제, 화장품 및 광택제 제조업",20431,계면활성제 제조업,석유화학,석유화학,MissManu,기타제조,Chemistry,CHANGE,"Chemistry covers all chemistry, not only organic chemistry",
C,제조업,20,화학물질 및 화학제품 제조업;의약품 제외,204,기타 화학제품 제조업,2043,"세제, 화장품 및 광택제 제조업",20432,"치약, 비누 및 기타 세제 제조업",석유화학,석유화학,MissManu,기타제조,Chemistry,CHANGE,"Chemistry covers all chemistry, not only organic chemistry",
C,제조업,20,화학물질 및 화학제품 제조업;의약품 제외,204,기타 화학제품 제조업,2043,"세제, 화장품 및 광택제 제조업",20433,화장품 제조업,석유화학,석유화학,MissManu,기타제조,Chemistry,CHANGE,"Chemistry covers all chemistry, not only organic chemistry",
C,제조업,20,화학물질 및 화학제품 제조업;의약품 제외,204,기타 화학제품 제조업,2043,"세제, 화장품 및 광택제 제조업",20434,표면광택제 및 실내가향제 제조업,석유화학,석유화학,MissManu,기타제조,Chemistry,CHANGE,"Chemistry covers all chemistry, not only organic chemistry",
C,제조업,20,화학물질 및 화학제품 제조업;의약품 제외,204,기타 화학제품 제조업,2049,그외 기타 화학제품 제조업,20491,사진용화학제품감광재료제조업,석유화학,석유화학,MissManu,기타제조,Chemistry,CHANGE,"Chemistry covers all chemistry, not only organic chemistry",
C,제조업,20,화학물질 및 화학제품 제조업;의약품 제외,204,기타 화학제품 제조업,2049,그외 기타 화학제품 제조업,20492,가공 및 정제염 제조업,석유화학,석유화학,MissManu,기타제조,Chemistry,CHANGE,"Chemistry covers all chemistry, not only organic chemistry",
C,제조업,20,화학물질 및 화학제품 제조업;의약품 제외,204,기타 화학제품 제조업,2049,그외 기타 화학제품 제조업,20493,접착제 및 젤라틴 제조업,석유화학,석유화학,MissManu,기타제조,Chemistry,CHANGE,"Chemistry covers all chemistry, not only organic chemistry",
C,제조업,20,화학물질 및 화학제품 제조업;의약품 제외,204,기타 화학제품 제조업,2049,그외 기타 화학제품 제조업,20494,화약 및 불꽃제품 제조업,석유화학,석유화학,MissManu,기타제조,Chemistry,CHANGE,"Chemistry covers all chemistry, not only organic chemistry",
C,제조업,20,화학물질 및 화학제품 제조업;의약품 제외,204,기타 화학제품 제조업,2049,그외 기타 화학제품 제조업,20494,화약 및 불꽃제품 제조업,석유화학,석유화학,MissManu,기타제조,Chemistry,CHANGE,"Chemistry covers all chemistry, not only organic chemistry",
C,제조업,20,화학물질 및 화학제품 제조업;의약품 제외,204,기타 화학제품 제조업,2049,그외 기타 화학제품 제조업,20499,그외기타분류안된화학제품제조업,석유화학,석유화학,MissManu,기타제조,Chemistry,CHANGE,"Chemistry covers all chemistry, not only organic chemistry",
C,제조업,20,화학물질 및 화학제품 제조업;의약품 제외,204,기타 화학제품 제조업,2049,그외 기타 화학제품 제조업,20499,그외기타분류안된화학제품제조업,석유화학,석유화학,MissManu,기타제조,Chemistry,CHANGE,"Chemistry covers all chemistry, not only organic chemistry",
C,제조업,20,화학물질 및 화학제품 제조업;의약품 제외,205,화학섬유 제조업,2050,화학섬유 제조업,20501,합성섬유 제조업,석유화학,석유화학,Orgchem,석유화학,FiberLeather,CHANGE,GIR request,
C,제조업,20,화학물질 및 화학제품 제조업;의약품 제외,205,화학섬유 제조업,2050,화학섬유 제조업,20502,재생섬유 제조업,석유화학,석유화학,Orgchem,석유화학,FiberLeather,CHANGE,GIR request,
C,제조업,21,의료용 물질 및 의약품 제조업,211,기초 의약물질 및 생물학적 제제 제조업,2110,기초 의약물질 및 생물학적 제제 제조업,21101,의약용 화합물및항생물질 제조업,석유화학,석유화학,MissManu,기타제조,Chemistry,CHANGE,"Chemistry covers all chemistry, not only organic chemistry",
C,제조업,21,의료용 물질 및 의약품 제조업,211,기초 의약물질 및 생물학적 제제 제조업,2110,기초 의약물질 및 생물학적 제제 제조업,21102,생물학적 제제 제조업,석유화학,석유화학,MissManu,기타제조,Chemistry,CHANGE,"Chemistry covers all chemistry, not only organic chemistry",
C,제조업,21,의료용 물질 및 의약품 제조업,212,의약품 제조업,2121,완제 의약품 제조업,21210,완제 의약품 제조업,석유화학,석유화학,MissManu,기타제조,Chemistry,CHANGE,"Chemistry covers all chemistry, not only organic chemistry",
C,제조업,21,의료용 물질 및 의약품 제조업,212,의약품 제조업,2122,한의약품 제조업,21220,한의약품 제조업,석유화학,석유화학,MissManu,기타제조,Chemistry,CHANGE,"Chemistry covers all chemistry, not only organic chemistry",
C,제조업,21,의료용 물질 및 의약품 제조업,212,의약품 제조업,2123,동물용 의약품 제조업,21230,동물용 의약품 제조업,석유화학,석유화학,MissManu,기타제조,Chemistry,CHANGE,"Chemistry covers all chemistry, not only organic chemistry",
C,제조업,21,의료용 물질 및 의약품 제조업,213,의료용품 및 기타 의약관련제품 제조업,2130,의료용품 및 기타 의약관련제품 제조업,21300,의료용품 및 기타 의약관련제품 제조업,석유화학,석유화학,MissManu,기타제조,Chemistry,CHANGE,"Chemistry covers all chemistry, not only organic chemistry",
C,제조업,22,고무제품 및 플라스틱제품 제조업,221,고무제품 제조업,2211,고무 타이어 및 튜브 생산업,22111,타이어 및 튜브 제조업,석유화학,석유화학,Orgchem,석유화학,Chemistry,CHANGE,Name Change,
C,제조업,22,고무제품 및 플라스틱제품 제조업,221,고무제품 제조업,2211,고무 타이어 및 튜브 생산업,22112,타이어 재생업,석유화학,석유화학,Orgchem,석유화학,Chemistry,CHANGE,Name Change,
C,제조업,22,고무제품 및 플라스틱제품 제조업,221,고무제품 제조업,2219,기타 고무제품 제조업,22191,산업용 비경화고무제품 제조업,석유화학,석유화학,Orgchem,석유화학,Chemistry,CHANGE,Name Change,
C,제조업,22,고무제품 및 플라스틱제품 제조업,221,고무제품 제조업,2219,기타 고무제품 제조업,22192,고무의류 및 기타 위생용 고무제품 제조업,석유화학,석유화학,Orgchem,석유화학,Chemistry,CHANGE,Name Change,
C,제조업,22,고무제품 및 플라스틱제품 제조업,221,고무제품 제조업,2219,기타 고무제품 제조업,22199,그외 기타 고무제품 제조업,석유화학,석유화학,Orgchem,석유화학,Chemistry,CHANGE,Name Change,
C,제조업,22,고무제품 및 플라스틱제품 제조업,221,고무제품 제조업,2219,기타 고무제품 제조업,22199,그외 기타 고무제품 제조업,석유화학,석유화학,Orgchem,석유화학,Chemistry,CHANGE,Name Change,
C,제조업,22,고무제품 및 플라스틱제품 제조업,222,플라스틱제품 제조업,2221,1차 플라스틱제품 제조업,22211,"플라스틱 선, 봉,관 및호스제조업",석유화학,석유화학,Orgchem,석유화학,Chemistry,CHANGE,Name Change,
C,제조업,22,고무제품 및 플라스틱제품 제조업,222,플라스틱제품 제조업,2221,1차 플라스틱제품 제조업,22212,"플라스틱 필름, 시트 및 판 제조업",석유화학,석유화학,Orgchem,석유화학,Chemistry,CHANGE,Name Change,
C,제조업,22,고무제품 및 플라스틱제품 제조업,222,플라스틱제품 제조업,2221,1차 플라스틱제품 제조업,22213,플라스틱 합성피혁 제조업,석유화학,석유화학,Orgchem,석유화학,Chemistry,CHANGE,Name Change,
C,제조업,22,고무제품 및 플라스틱제품 제조업,222,플라스틱제품 제조업,2222,건축용 플라스틱제품 제조업,22221,벽 및 바닥 피복용 플라스틱제품 제조업,석유화학,석유화학,Orgchem,석유화학,Chemistry,CHANGE,Name Change,
C,제조업,22,고무제품 및 플라스틱제품 제조업,222,플라스틱제품 제조업,2222,건축용 플라스틱제품 제조업,22222,저장용 및 위생용 플라스틱제품 제조업,석유화학,석유화학,Orgchem,석유화학,Chemistry,CHANGE,Name Change,
C,제조업,22,고무제품 및 플라스틱제품 제조업,222,플라스틱제품 제조업,2222,건축용 플라스틱제품 제조업,22223,플라스틱 창호 제조업,석유화학,석유화학,Orgchem,석유화학,Chemistry,CHANGE,Name Change,
C,제조업,22,고무제품 및 플라스틱제품 제조업,222,플라스틱제품 제조업,2222,건축용 플라스틱제품 제조업,22229,기타 건축용 플라스틱 조립제품 제조업,석유화학,석유화학,Orgchem,석유화학,Chemistry,CHANGE,Name Change,
C,제조업,22,고무제품 및 플라스틱제품 제조업,222,플라스틱제품 제조업,2223,포장용 플라스틱제품 제조업,22231,"플라스틱 포대, 봉투 및 유사제품 제조업",석유화학,석유화학,Orgchem,석유화학,Chemistry,CHANGE,Name Change,
C,제조업,22,고무제품 및 플라스틱제품 제조업,222,플라스틱제품 제조업,2223,포장용 플라스틱제품 제조업,22232,포장용 플라스틱 성형용기 제조업,석유화학,석유화학,Orgchem,석유화학,Chemistry,CHANGE,Name Change,
C,제조업,22,고무제품 및 플라스틱제품 제조업,222,플라스틱제품 제조업,2224,기계장비 조립용 플라스틱제품 제조업,22240,기계장비 조립용 플라스틱제품 제조업,석유화학,석유화학,Orgchem,석유화학,Chemistry,CHANGE,Name Change,
C,제조업,22,고무제품 및 플라스틱제품 제조업,222,플라스틱제품 제조업,2225,플라스틱 발포 성형제품 제조업,22250,플라스틱 발포 성형제품 제조업,석유화학,석유화학,Orgchem,석유화학,Chemistry,CHANGE,Name Change,
C,제조업,22,고무제품 및 플라스틱제품 제조업,222,플라스틱제품 제조업,2229,기타 플라스틱제품 제조업,22291,"플라스틱  적층, 도포 및 기타 표면처리 제품 제조업",석유화학,석유화학,Orgchem,석유화학,Chemistry,CHANGE,Name Change,
C,제조업,22,고무제품 및 플라스틱제품 제조업,222,플라스틱제품 제조업,2229,기타 플라스틱제품 제조업,22299,그외 기타 플라스틱 제품 제조업,석유화학,석유화학,Orgchem,석유화학,Chemistry,CHANGE,Name Change,
C,제조업,22,고무제품 및 플라스틱제품 제조업,222,플라스틱제품 제조업,2229,기타 플라스틱제품 제조업,22299,그외 기타 플라스틱 제품 제조업,석유화학,석유화학,Orgchem,석유화학,Chemistry,CHANGE,Name Change,
C,제조업,23,비금속 광물제품 제조업,231,유리 및 유리제품 제조업,2311,판유리 제조업,23110,판유리 제조업,비금속(요업),비금속,Mineral,유리/요업,Mineral,KEEP,,
C,제조업,23,비금속 광물제품 제조업,231,유리 및 유리제품 제조업,2312,산업용 유리 및 판유리 가공품 제조업,23121,유리섬유 및 광학용 유리 제조업,비금속(요업),비금속,Mineral,유리/요업,Mineral,KEEP,,
C,제조업,23,비금속 광물제품 제조업,231,유리 및 유리제품 제조업,2312,산업용 유리 및 판유리 가공품 제조업,23122,판유리 가공품 제조업,비금속(요업),비금속,Mineral,유리/요업,Mineral,KEEP,,
C,제조업,23,비금속 광물제품 제조업,231,유리 및 유리제품 제조업,2312,산업용 유리 및 판유리 가공품 제조업,23129,기타 산업용 유리제품 제조업,비금속(요업),비금속,Mineral,유리/요업,Mineral,KEEP,,
C,제조업,23,비금속 광물제품 제조업,231,유리 및 유리제품 제조업,2319,기타 유리제품 제조업,23191,가정용 유리제품 제조업,비금속(요업),비금속,Mineral,유리/요업,Mineral,KEEP,,
C,제조업,23,비금속 광물제품 제조업,231,유리 및 유리제품 제조업,2319,기타 유리제품 제조업,23192,포장용 유리용기 제조업,비금속(요업),비금속,Mineral,유리/요업,Mineral,KEEP,,
C,제조업,23,비금속 광물제품 제조업,231,유리 및 유리제품 제조업,2319,기타 유리제품 제조업,23199,그외 기타 유리제품 제조업,비금속(요업),비금속,Mineral,유리/요업,Mineral,KEEP,,
C,제조업,23,비금속 광물제품 제조업,231,유리 및 유리제품 제조업,2319,기타 유리제품 제조업,23199,그외 기타 유리제품 제조업,비금속(요업),비금속,Mineral,유리/요업,Mineral,KEEP,,
C,제조업,23,비금속 광물제품 제조업,232,도자기 및 기타 요업제품 제조업,2321,일반도자기 제조업,23211,가정용 및 장식용 도자기 제조업,비금속(요업),비금속,Mineral,유리/요업,Mineral,KEEP,,
C,제조업,23,비금속 광물제품 제조업,232,도자기 및 기타 요업제품 제조업,2321,일반도자기 제조업,23212,위생용 도자기 제조업,비금속(요업),비금속,Mineral,유리/요업,Mineral,KEEP,,
C,제조업,23,비금속 광물제품 제조업,232,도자기 및 기타 요업제품 제조업,2321,일반도자기 제조업,23213,산업용 도자기 제조업,비금속(요업),비금속,Mineral,유리/요업,Mineral,KEEP,,
C,제조업,23,비금속 광물제품 제조업,232,도자기 및 기타 요업제품 제조업,2321,일반도자기 제조업,23213,산업용 도자기 제조업,비금속(요업),비금속,Mineral,유리/요업,Mineral,KEEP,,
C,제조업,23,비금속 광물제품 제조업,232,도자기 및 기타 요업제품 제조업,2321,일반도자기 제조업,23219,기타 일반 도자기 제조업,비금속(요업),비금속,Mineral,유리/요업,Mineral,KEEP,,
C,제조업,23,비금속 광물제품 제조업,232,도자기 및 기타 요업제품 제조업,2322,내화 요업제품 제조업,23221,구조용 정형내화제품 제조업,비금속(요업),비금속,Mineral,유리/요업,Mineral,KEEP,,
C,제조업,23,비금속 광물제품 제조업,232,도자기 및 기타 요업제품 제조업,2322,내화 요업제품 제조업,23229,기타 내화요업제품 제조업,비금속(요업),비금속,Mineral,유리/요업,Mineral,KEEP,,
C,제조업,23,비금속 광물제품 제조업,232,도자기 및 기타 요업제품 제조업,2323,구조용 비내화 요업제품 제조업,23231,"점토 벽돌, 블록 및 유사 비내화 요업제품 제조업",비금속(요업),비금속,Mineral,유리/요업,Mineral,KEEP,,
C,제조업,23,비금속 광물제품 제조업,232,도자기 및 기타 요업제품 제조업,2323,구조용 비내화 요업제품 제조업,23232,타일및유사비내화요업제품제조업,비금속(요업),비금속,Mineral,유리/요업,Mineral,KEEP,,
C,제조업,23,비금속 광물제품 제조업,232,도자기 및 기타 요업제품 제조업,2323,구조용 비내화 요업제품 제조업,23239,기타구조용비내화요업제품제조업,비금속(요업),비금속,Mineral,유리/요업,Mineral,KEEP,,
C,제조업,23,비금속 광물제품 제조업,233,"시멘트, 석회, 플라스터 및 그 제품 제조업",2331,"시멘트, 석회 및 플라스터 제조업",23311,시멘트 제조업,비금속(시멘트),비금속,Cement,시멘트,Cement,KEEP,,
C,제조업,23,비금속 광물제품 제조업,233,"시멘트, 석회, 플라스터 및 그 제품 제조업",2331,"시멘트, 석회 및 플라스터 제조업",23312,석회 및 플라스터 제조업,비금속(시멘트),비금속,Mineral,유리/요업,Cement,CHANGE,Inseparable from Cement (KSIC 233),
C,제조업,23,비금속 광물제품 제조업,233,"시멘트, 석회, 플라스터 및 그 제품 제조업",2331,"시멘트, 석회 및 플라스터 제조업",23312,석회 및 플라스터 제조업,비금속(시멘트),비금속,Mineral,유리/요업,Cement,CHANGE,Inseparable from Cement (KSIC 233),
C,제조업,23,비금속 광물제품 제조업,233,"시멘트, 석회, 플라스터 및 그 제품 제조업",2332,"콘크리트, 시멘트 및 플라스터 제품 제조업",23321,비내화 모르타르 제조업,비금속(시멘트),비금속,Cement,시멘트,Cement,KEEP,,
C,제조업,23,비금속 광물제품 제조업,233,"시멘트, 석회, 플라스터 및 그 제품 제조업",2332,"콘크리트, 시멘트 및 플라스터 제품 제조업",23322,레미콘 제조업,비금속(시멘트),비금속,Cement,시멘트,Cement,KEEP,,
C,제조업,23,비금속 광물제품 제조업,233,"시멘트, 석회, 플라스터 및 그 제품 제조업",2332,"콘크리트, 시멘트 및 플라스터 제품 제조업",23323,플라스터 제품 제조업,비금속(시멘트),비금속,Cement,시멘트,Cement,KEEP,,
C,제조업,23,비금속 광물제품 제조업,233,"시멘트, 석회, 플라스터 및 그 제품 제조업",2332,"콘크리트, 시멘트 및 플라스터 제품 제조업",23324,섬유시멘트 제품 제조업,비금속(시멘트),비금속,Cement,시멘트,Cement,KEEP,,
C,제조업,23,비금속 광물제품 제조업,233,"시멘트, 석회, 플라스터 및 그 제품 제조업",2332,"콘크리트, 시멘트 및 플라스터 제품 제조업",23325,"콘크리트 타일, 기와, 벽돌 및 블록 제조업",비금속(시멘트),비금속,Cement,시멘트,Cement,KEEP,,
C,제조업,23,비금속 광물제품 제조업,233,"시멘트, 석회, 플라스터 및 그 제품 제조업",2332,"콘크리트, 시멘트 및 플라스터 제품 제조업",23326,콘크리트관 및 기타 구조용 콘크리트제품 제조업,비금속(시멘트),비금속,Cement,시멘트,Cement,KEEP,,
C,제조업,23,비금속 광물제품 제조업,233,"시멘트, 석회, 플라스터 및 그 제품 제조업",2332,"콘크리트, 시멘트 및 플라스터 제품 제조업",23329,그외 기타 콘크리트 제품 및 유사제품 제조업,비금속(시멘트),비금속,Cement,시멘트,Cement,KEEP,,
C,제조업,23,비금속 광물제품 제조업,239,기타 비금속 광물제품 제조업,2391,석제품 제조업,23911,건설용 석제품 제조업,비금속(시멘트),비금속,Mineral,유리/요업,Cement,CHANGE,Reason? stone is not cement. They don't generate CO2. Just because they don't belong to Glass/Ceramic? Then put them as MissManu,
C,제조업,23,비금속 광물제품 제조업,239,기타 비금속 광물제품 제조업,2391,석제품 제조업,23911,건설용 석제품 제조업,비금속(시멘트),비금속,Mineral,유리/요업,Cement,CHANGE,Reason? stone is not cement. They don't generate CO2. Just because they don't belong to Glass/Ceramic? Then put them as MissManu,
C,제조업,23,비금속 광물제품 제조업,239,기타 비금속 광물제품 제조업,2391,석제품 제조업,23919,기타 석제품 제조업,비금속(시멘트),비금속,Mineral,유리/요업,Cement,CHANGE,Reason? stone is not cement. They don't generate CO2. Just because they don't belong to Glass/Ceramic? Then put them as MissManu,
C,제조업,23,비금속 광물제품 제조업,239,기타 비금속 광물제품 제조업,2391,석제품 제조업,23919,기타 석제품 제조업,비금속(시멘트),비금속,Mineral,유리/요업,Cement,CHANGE,Reason? stone is not cement. They don't generate CO2. Just because they don't belong to Glass/Ceramic? Then put them as MissManu,
C,제조업,23,비금속 광물제품 제조업,239,기타 비금속 광물제품 제조업,2399,그외 기타 비금속 광물제품 제조업,23991,아스콘 제조업,비금속(시멘트),비금속,Mineral,유리/요업,Cement,CHANGE,Reason? stone is not cement. They don't generate CO2. Just because they don't belong to Glass/Ceramic? Then put them as MissManu,
C,제조업,23,비금속 광물제품 제조업,239,기타 비금속 광물제품 제조업,2399,그외 기타 비금속 광물제품 제조업,23992,연마재 제조업,비금속(시멘트),비금속,Mineral,유리/요업,Cement,CHANGE,Reason? stone is not cement. They don't generate CO2. Just because they don't belong to Glass/Ceramic? Then put them as MissManu,
C,제조업,23,비금속 광물제품 제조업,239,기타 비금속 광물제품 제조업,2399,그외 기타 비금속 광물제품 제조업,23993,비금속광물 분쇄물 생산업,비금속(시멘트),비금속,Mineral,유리/요업,Cement,CHANGE,Reason? stone is not cement. They don't generate CO2. Just because they don't belong to Glass/Ceramic? Then put them as MissManu,
C,제조업,23,비금속 광물제품 제조업,239,기타 비금속 광물제품 제조업,2399,그외 기타 비금속 광물제품 제조업,23994,"석면, 암면 및 유사제품 제조업",비금속(시멘트),비금속,Mineral,유리/요업,Cement,CHANGE,Reason? stone is not cement. They don't generate CO2. Just because they don't belong to Glass/Ceramic? Then put them as MissManu,
C,제조업,23,비금속 광물제품 제조업,239,기타 비금속 광물제품 제조업,2399,그외 기타 비금속 광물제품 제조업,23999,그외 기타 분류안된 비금속 광물제품 제조업,비금속(시멘트),비금속,Mineral,유리/요업,Cement,CHANGE,Reason? stone is not cement. They don't generate CO2. Just because they don't belong to Glass/Ceramic? Then put them as MissManu,
C,제조업,23,비금속 광물제품 제조업,239,기타 비금속 광물제품 제조업,2399,그외 기타 비금속 광물제품 제조업,23999,그외 기타 분류안된 비금속 광물제품 제조업,비금속(시멘트),비금속,Mineral,유리/요업,Cement,CHANGE,Reason? stone is not cement. They don't generate CO2. Just because they don't belong to Glass/Ceramic? Then put them as MissManu,
C,제조업,23,비금속 광물제품 제조업,239,기타 비금속 광물제품 제조업,2399,그외 기타 비금속 광물제품 제조업,23999,그외 기타 분류안된 비금속 광물제품 제조업,비금속(시멘트),비금속,Mineral,유리/요업,Cement,CHANGE,Reason? stone is not cement. They don't generate CO2. Just because they don't belong to Glass/Ceramic? Then put them as MissManu,
C,제조업,24,1차 금속 제조업,241,1차 철강 제조업,2411,"제철, 제강 및 합금철 제조업",24111,제철업,철강,1차금속,IS,철강,IS,KEEP,,
C,제조업,24,1차 금속 제조업,241,1차 철강 제조업,2411,"제철, 제강 및 합금철 제조업",24112,제강업,철강,1차금속,IS,철강,IS,KEEP,,
C,제조업,24,1차 금속 제조업,241,1차 철강 제조업,2411,"제철, 제강 및 합금철 제조업",24113,합금철 제조업,철강,1차금속,IS,철강,IS,KEEP,,
C,제조업,24,1차 금속 제조업,241,1차 철강 제조업,2411,"제철, 제강 및 합금철 제조업",24119,기타 제철 및 제강업,철강,1차금속,IS,철강,IS,KEEP,,
C,제조업,24,1차 금속 제조업,241,1차 철강 제조업,2412,"철강 압연, 압출 및 연신제품 제조업",24121,열간 압연 및 압출 제품 제조업,철강,1차금속,IS,철강,IS,KEEP,,
C,제조업,24,1차 금속 제조업,241,1차 철강 제조업,2412,"철강 압연, 압출 및 연신제품 제조업",24122,냉간 압연 및 압출 제품 제조업,철강,1차금속,IS,철강,IS,KEEP,,
C,제조업,24,1차 금속 제조업,241,1차 철강 제조업,2412,"철강 압연, 압출 및 연신제품 제조업",24123,철강선 제조업,철강,1차금속,IS,철강,IS,KEEP,,
C,제조업,24,1차 금속 제조업,241,1차 철강 제조업,2413,철강관 제조업,24131,주철관 제조업,철강,1차금속,IS,철강,IS,KEEP,,
C,제조업,24,1차 금속 제조업,241,1차 철강 제조업,2413,철강관 제조업,24132,강관 제조업,철강,1차금속,IS,철강,IS,KEEP,,
C,제조업,24,1차 금속 제조업,241,1차 철강 제조업,2419,기타 1차 철강 제조업,24191,"도금, 착색 및 기타 표면처리강재 제조업",철강,1차금속,IS,철강,IS,KEEP,,
C,제조업,24,1차 금속 제조업,241,1차 철강 제조업,2419,기타 1차 철강 제조업,24199,그외 기타 1차 철강 제조업,철강,1차금속,IS,철강,IS,KEEP,,
C,제조업,24,1차 금속 제조업,241,1차 철강 제조업,2419,기타 1차 철강 제조업,24199,그외 기타 1차 철강 제조업,철강,1차금속,IS,철강,IS,KEEP,,
C,제조업,24,1차 금속 제조업,242,1차 비철금속 제조업,2421,"비철금속 제련, 정련 및 합금 제조업",24211,"동 제련, 정련 및 합금 제조업",비철금속,비철금속,nonISmetal,비철금속,nonISmetal,KEEP,,
C,제조업,24,1차 금속 제조업,242,1차 비철금속 제조업,2421,"비철금속 제련, 정련 및 합금 제조업",24212,"알루미늄 제련, 정련및합금제조업",비철금속,비철금속,nonISmetal,비철금속,nonISmetal,KEEP,,
C,제조업,24,1차 금속 제조업,242,1차 비철금속 제조업,2421,"비철금속 제련, 정련 및 합금 제조업",24213,"연및아연제련,정련및합금제조업",비철금속,비철금속,nonISmetal,비철금속,nonISmetal,KEEP,,
C,제조업,24,1차 금속 제조업,242,1차 비철금속 제조업,2421,"비철금속 제련, 정련 및 합금 제조업",24219,기타비철금속제련정련및합금제조,비철금속,비철금속,nonISmetal,비철금속,nonISmetal,KEEP,,
C,제조업,24,1차 금속 제조업,242,1차 비철금속 제조업,2421,"비철금속 제련, 정련 및 합금 제조업",24219,기타비철금속제련정련합금제조업,비철금속,비철금속,nonISmetal,비철금속,nonISmetal,KEEP,,
C,제조업,24,1차 금속 제조업,242,1차 비철금속 제조업,2422,"비철금속 압연, 압출 및 연신제품 제조업",24221,"동 압연, 압출 및 연신제품 제조업",비철금속,비철금속,nonISmetal,비철금속,nonISmetal,KEEP,,
C,제조업,24,1차 금속 제조업,242,1차 비철금속 제조업,2422,"비철금속 압연, 압출 및 연신제품 제조업",24222,알루미늄압연압출연신제품제조업,비철금속,비철금속,nonISmetal,비철금속,nonISmetal,KEEP,,
C,제조업,24,1차 금속 제조업,242,1차 비철금속 제조업,2422,"비철금속 압연, 압출 및 연신제품 제조업",24229,기타비철금압연압출연신제품제조,비철금속,비철금속,nonISmetal,비철금속,nonISmetal,KEEP,,
C,제조업,24,1차 금속 제조업,242,1차 비철금속 제조업,2429,기타 1차 비철금속 제조업,24290,기타 1차 비철금속 제조업,비철금속,비철금속,nonISmetal,비철금속,nonISmetal,KEEP,,
C,제조업,24,1차 금속 제조업,243,금속 주조업,2431,철강 주조업,24311,선철주물 주조업,비철금속,비철금속,MissManu,기타제조,nonISmetal,CHANGE,"Reason? IS and non IS are combined. If they are unseparable, them put them into missMann.",
C,제조업,24,1차 금속 제조업,243,금속 주조업,2431,철강 주조업,24312,강주물 주조업,비철금속,비철금속,MissManu,기타제조,nonISmetal,CHANGE,"Reason? IS and non IS are combined. If they are unseparable, them put them into missMann.",
C,제조업,24,1차 금속 제조업,243,금속 주조업,2432,비철금속 주조업,24321,알루미늄주물 주조업,비철금속,비철금속,MissManu,기타제조,nonISmetal,CHANGE,"Reason? IS and non IS are combined. If they are unseparable, them put them into missMann.",
C,제조업,24,1차 금속 제조업,243,금속 주조업,2432,비철금속 주조업,24322,동주물 주조업,비철금속,비철금속,MissManu,기타제조,nonISmetal,CHANGE,"Reason? IS and non IS are combined. If they are unseparable, them put them into missMann.",
C,제조업,24,1차 금속 제조업,243,금속 주조업,2432,비철금속 주조업,24329,기타 비철금속 주조업,비철금속,비철금속,MissManu,기타제조,nonISmetal,CHANGE,"Reason? IS and non IS are combined. If they are unseparable, them put them into missMann.",
C,제조업,25,금속가공제품 제조업;기계 및 가구 제외,251,"구조용 금속제품, 탱크 및 증기발생기 제조업",2511,구조용 금속제품 제조업,25111,"금속 문, 창, 셔터 및 관련제품 제조업",조립금속(기계),조립금속,MissManu,기타제조,Machine,CHANGE,Inseparable from KSIC 25,
C,제조업,25,금속가공제품 제조업;기계 및 가구 제외,251,"구조용 금속제품, 탱크 및 증기발생기 제조업",2511,구조용 금속제품 제조업,25112,구조용 금속판제품 및 금속공작물 제조업,조립금속(기계),조립금속,MissManu,기타제조,Machine,CHANGE,Inseparable from KSIC 25,
C,제조업,25,금속가공제품 제조업;기계 및 가구 제외,251,"구조용 금속제품, 탱크 및 증기발생기 제조업",2511,구조용 금속제품 제조업,25113,금속 조립구조재 제조업,조립금속(기계),조립금속,MissManu,기타제조,Machine,CHANGE,Inseparable from KSIC 25,
C,제조업,25,금속가공제품 제조업;기계 및 가구 제외,251,"구조용 금속제품, 탱크 및 증기발생기 제조업",2511,구조용 금속제품 제조업,25119,기타 구조용 금속제품 제조업,조립금속(기계),조립금속,MissManu,기타제조,Machine,CHANGE,Inseparable from KSIC 25,
C,제조업,25,금속가공제품 제조업;기계 및 가구 제외,251,"구조용 금속제품, 탱크 및 증기발생기 제조업",2512,"금속탱크, 저장조 및 유사 용기 제조업",25121,중앙난방보일러 및 방열기 제조업,조립금속(기계),조립금속,MissManu,기타제조,Machine,CHANGE,Inseparable from KSIC 25,
C,제조업,25,금속가공제품 제조업;기계 및 가구 제외,251,"구조용 금속제품, 탱크 및 증기발생기 제조업",2512,"금속탱크, 저장조 및 유사 용기 제조업",25122,설치용 금속탱크 및 저장용기 제조업,조립금속(기계),조립금속,MissManu,기타제조,Machine,CHANGE,Inseparable from KSIC 25,
C,제조업,25,금속가공제품 제조업;기계 및 가구 제외,251,"구조용 금속제품, 탱크 및 증기발생기 제조업",2513,핵반응기 및 증기발생기 제조업,25130,핵반응기 및 증기발생기 제조업,조립금속(기계),조립금속,MissManu,기타제조,Machine,CHANGE,Inseparable from KSIC 25,
C,제조업,25,금속가공제품 제조업;기계 및 가구 제외,251,"구조용 금속제품, 탱크 및 증기발생기 제조업",2513,핵반응기 및 증기발생기 제조업,25130,핵반응기 및 증기발생기 제조업,조립금속(기계),조립금속,MissManu,기타제조,Machine,CHANGE,Inseparable from KSIC 25,
C,제조업,25,금속가공제품 제조업;기계 및 가구 제외,252,무기총포탄제조업,2520,무기 및 총포탄 제조업,25200,무기 및 총포탄 제조업,조립금속(기계),조립금속,MissManu,기타제조,Machine,CHANGE,Inseparable from KSIC 25,
C,제조업,25,금속가공제품 제조업;기계 및 가구 제외,259,기타 금속가공제품 제조업,2591,"금속 단조, 압형 및 분말야금 제품 제조업",25911,분말야금제품 제조업,조립금속(기계),조립금속,MissManu,기타제조,Machine,CHANGE,Inseparable from KSIC 25,
C,제조업,25,금속가공제품 제조업;기계 및 가구 제외,259,기타 금속가공제품 제조업,2591,"금속 단조, 압형 및 분말야금 제품 제조업",25912,금속단조제품 제조업,조립금속(기계),조립금속,MissManu,기타제조,Machine,CHANGE,Inseparable from KSIC 25,
C,제조업,25,금속가공제품 제조업;기계 및 가구 제외,259,기타 금속가공제품 제조업,2591,"금속 단조, 압형 및 분말야금 제품 제조업",25913,금속압형제품 제조업,조립금속(기계),조립금속,MissManu,기타제조,Machine,CHANGE,Inseparable from KSIC 25,
C,제조업,25,금속가공제품 제조업;기계 및 가구 제외,259,기타 금속가공제품 제조업,2592,"금속 열처리, 도금 및 기타 금속가공업",25921,금속 열처리업,조립금속(기계),조립금속,MissManu,기타제조,Machine,CHANGE,Inseparable from KSIC 25,
C,제조업,25,금속가공제품 제조업;기계 및 가구 제외,259,기타 금속가공제품 제조업,2592,"금속 열처리, 도금 및 기타 금속가공업",25922,도금업,조립금속(기계),조립금속,MissManu,기타제조,Machine,CHANGE,Inseparable from KSIC 25,
C,제조업,25,금속가공제품 제조업;기계 및 가구 제외,259,기타 금속가공제품 제조업,2592,"금속 열처리, 도금 및 기타 금속가공업",25923,도장 및 기타 피막처리업,조립금속(기계),조립금속,MissManu,기타제조,Machine,CHANGE,Inseparable from KSIC 25,
C,제조업,25,금속가공제품 제조업;기계 및 가구 제외,259,기타 금속가공제품 제조업,2592,"금속 열처리, 도금 및 기타 금속가공업",25924,절삭가공 및 유사처리업,조립금속(기계),조립금속,MissManu,기타제조,Machine,CHANGE,Inseparable from KSIC 25,
C,제조업,25,금속가공제품 제조업;기계 및 가구 제외,259,기타 금속가공제품 제조업,2592,"금속 열처리, 도금 및 기타 금속가공업",25929,그외 기타 금속가공업,조립금속(기계),조립금속,MissManu,기타제조,Machine,CHANGE,Inseparable from KSIC 25,
C,제조업,25,금속가공제품 제조업;기계 및 가구 제외,259,기타 금속가공제품 제조업,2593,"날붙이, 수공구 및 일반철물 제조업",25931,날붙이 제조업,조립금속(기계),조립금속,MissManu,기타제조,Machine,CHANGE,Inseparable from KSIC 25,
C,제조업,25,금속가공제품 제조업;기계 및 가구 제외,259,기타 금속가공제품 제조업,2593,"날붙이, 수공구 및 일반철물 제조업",25932,일반철물 제조업,조립금속(기계),조립금속,MissManu,기타제조,Machine,CHANGE,Inseparable from KSIC 25,
C,제조업,25,금속가공제품 제조업;기계 및 가구 제외,259,기타 금속가공제품 제조업,2593,"날붙이, 수공구 및 일반철물 제조업",25933,비동력식 수공구 제조업,조립금속(기계),조립금속,MissManu,기타제조,Machine,CHANGE,Inseparable from KSIC 25,
C,제조업,25,금속가공제품 제조업;기계 및 가구 제외,259,기타 금속가공제품 제조업,2593,"날붙이, 수공구 및 일반철물 제조업",25934,톱 및 호환성공구 제조업,조립금속(기계),조립금속,MissManu,기타제조,Machine,CHANGE,Inseparable from KSIC 25,
C,제조업,25,금속가공제품 제조업;기계 및 가구 제외,259,기타 금속가공제품 제조업,2594,"금속파스너, 스프링 및 금속선 가공제품 제조업",25941,금속파스너 및 나사제품 제조업,조립금속(기계),조립금속,MissManu,기타제조,Machine,CHANGE,Inseparable from KSIC 25,
C,제조업,25,금속가공제품 제조업;기계 및 가구 제외,259,기타 금속가공제품 제조업,2594,"금속파스너, 스프링 및 금속선 가공제품 제조업",25942,금속 스프링 제조업,조립금속(기계),조립금속,MissManu,기타제조,Machine,CHANGE,Inseparable from KSIC 25,
C,제조업,25,금속가공제품 제조업;기계 및 가구 제외,259,기타 금속가공제품 제조업,2594,"금속파스너, 스프링 및 금속선 가공제품 제조업",25943,금속선 가공제품 제조업,조립금속(기계),조립금속,MissManu,기타제조,Machine,CHANGE,Inseparable from KSIC 25,
C,제조업,25,금속가공제품 제조업;기계 및 가구 제외,259,기타 금속가공제품 제조업,2599,그외 기타 금속가공제품 제조업,25991,금속캔 및 기타 포장용기 제조업,조립금속(기계),조립금속,MissManu,기타제조,Machine,CHANGE,Inseparable from KSIC 25,
C,제조업,25,금속가공제품 제조업;기계 및 가구 제외,259,기타 금속가공제품 제조업,2599,그외 기타 금속가공제품 제조업,25992,금고 제조업,조립금속(기계),조립금속,MissManu,기타제조,Machine,CHANGE,Inseparable from KSIC 25,
C,제조업,25,금속가공제품 제조업;기계 및 가구 제외,259,기타 금속가공제품 제조업,2599,그외 기타 금속가공제품 제조업,25993,수동식 식품 가공기기 및 금속주방용기 제조업,조립금속(기계),조립금속,MissManu,기타제조,Machine,CHANGE,Inseparable from KSIC 25,
C,제조업,25,금속가공제품 제조업;기계 및 가구 제외,259,기타 금속가공제품 제조업,2599,그외 기타 금속가공제품 제조업,25994,금속위생용품 제조업,조립금속(기계),조립금속,MissManu,기타제조,Machine,CHANGE,Inseparable from KSIC 25,
C,제조업,25,금속가공제품 제조업;기계 및 가구 제외,259,기타 금속가공제품 제조업,2599,그외 기타 금속가공제품 제조업,25995,금속표시판 제조업,조립금속(기계),조립금속,MissManu,기타제조,Machine,CHANGE,Inseparable from KSIC 25,
C,제조업,25,금속가공제품 제조업;기계 및 가구 제외,259,기타 금속가공제품 제조업,2599,그외 기타 금속가공제품 제조업,25999,그외 기타 분류안된 금속가공제품 제조업,조립금속(기계),조립금속,MissManu,기타제조,Machine,CHANGE,Inseparable from KSIC 25,
C,제조업,25,금속가공제품 제조업;기계 및 가구 제외,259,기타 금속가공제품 제조업,2599,그외 기타 금속가공제품 제조업,25999,그외 기타 분류안된 금속가공제품 제조업,조립금속(기계),조립금속,MissManu,기타제조,Machine,CHANGE,Inseparable from KSIC 25,
C,제조업,26,"전자부품, 컴퓨터, 영상, 음향 및 통신장비 제조업",261,반도체 제조업,2611,전자집적회로 제조업,26110,전자집적회로 제조업,"조립금속(디스플레이, 반도체)",조립금속,Semicon,반도체,Semidis,CHANGE,Consolidate Semicon and Electro_sig,
C,제조업,26,"전자부품, 컴퓨터, 영상, 음향 및 통신장비 제조업",261,반도체 제조업,2612,"다이오드, 트랜지스터 및 유사 반도체소자 제조업",26120,"다이오드, 트랜지스터 및 유사 반도체소자 제조업","조립금속(디스플레이, 반도체)",조립금속,Semicon,반도체,Semidis,CHANGE,Consolidate Semicon and Electro_sig,
C,제조업,26,"전자부품, 컴퓨터, 영상, 음향 및 통신장비 제조업",262,전자부품 제조업,2621,평판 디스플레이 제조업,26211,액정 평판 디스플레이 제조업,"조립금속(디스플레이, 반도체)",조립금속,Electro_sig,전자표시장치,Semidis,CHANGE,Consolidate Semicon and Electro_sig,
C,제조업,26,"전자부품, 컴퓨터, 영상, 음향 및 통신장비 제조업",262,전자부품 제조업,2621,평판 디스플레이 제조업,26219,플라즈마기타평판디스플레이제조,"조립금속(디스플레이, 반도체)",조립금속,Electro_sig,전자표시장치,Semidis,CHANGE,Consolidate Semicon and Electro_sig,
C,제조업,26,"전자부품, 컴퓨터, 영상, 음향 및 통신장비 제조업",262,전자부품 제조업,2622,인쇄회로기판 및 전자부품 실장기판 제조업,26221,인쇄회로기판 제조업,"조립금속(디스플레이, 반도체)",조립금속,Electro_ne,전기전자_비에너지,Semidis,CHANGE,Inseparable from KSIC 26,
C,제조업,26,"전자부품, 컴퓨터, 영상, 음향 및 통신장비 제조업",262,전자부품 제조업,2622,인쇄회로기판 및 전자부품 실장기판 제조업,26222,전자부품 실장기판 제조업,"조립금속(디스플레이, 반도체)",조립금속,Electro_ne,전기전자_비에너지,Semidis,CHANGE,Inseparable from KSIC 26,
C,제조업,26,"전자부품, 컴퓨터, 영상, 음향 및 통신장비 제조업",262,전자부품 제조업,2629,기타 전자부품 제조업,26291,전자관 제조업,"조립금속(디스플레이, 반도체)",조립금속,Electro_ne,전기전자_비에너지,Semidis,CHANGE,Inseparable from KSIC 26,
C,제조업,26,"전자부품, 컴퓨터, 영상, 음향 및 통신장비 제조업",262,전자부품 제조업,2629,기타 전자부품 제조업,26292,전자축전기 제조업,"조립금속(디스플레이, 반도체)",조립금속,Electro_ne,전기전자_비에너지,Semidis,CHANGE,Inseparable from KSIC 26,
C,제조업,26,"전자부품, 컴퓨터, 영상, 음향 및 통신장비 제조업",262,전자부품 제조업,2629,기타 전자부품 제조업,26293,전자저항기 제조업,"조립금속(디스플레이, 반도체)",조립금속,Electro_ne,전기전자_비에너지,Semidis,CHANGE,Inseparable from KSIC 26,
C,제조업,26,"전자부품, 컴퓨터, 영상, 음향 및 통신장비 제조업",262,전자부품 제조업,2629,기타 전자부품 제조업,26294,전자카드 제조업,"조립금속(디스플레이, 반도체)",조립금속,Electro_ne,전기전자_비에너지,Semidis,CHANGE,Inseparable from KSIC 26,
C,제조업,26,"전자부품, 컴퓨터, 영상, 음향 및 통신장비 제조업",262,전자부품 제조업,2629,기타 전자부품 제조업,26295,"전자코일, 변성기 및 기타 전자유도자 제조업","조립금속(디스플레이, 반도체)",조립금속,Electro_ne,전기전자_비에너지,Semidis,CHANGE,Inseparable from KSIC 26,
C,제조업,26,"전자부품, 컴퓨터, 영상, 음향 및 통신장비 제조업",262,전자부품 제조업,2629,기타 전자부품 제조업,26296,전자접속카드 제조업,"조립금속(디스플레이, 반도체)",조립금속,Electro_ne,전기전자_비에너지,Semidis,CHANGE,Inseparable from KSIC 26,
C,제조업,26,"전자부품, 컴퓨터, 영상, 음향 및 통신장비 제조업",262,전자부품 제조업,2629,기타 전자부품 제조업,26296,전자접속카드 제조업,"조립금속(디스플레이, 반도체)",조립금속,Electro_ne,전기전자_비에너지,Semidis,CHANGE,Inseparable from KSIC 26,
C,제조업,26,"전자부품, 컴퓨터, 영상, 음향 및 통신장비 제조업",262,전자부품 제조업,2629,기타 전자부품 제조업,26299,그외 기타 전자부품 제조업,"조립금속(디스플레이, 반도체)",조립금속,Electro_ne,전기전자_비에너지,Semidis,CHANGE,Inseparable from KSIC 26,
C,제조업,26,"전자부품, 컴퓨터, 영상, 음향 및 통신장비 제조업",263,컴퓨터 및 주변장치 제조업,2631,컴퓨터 제조업,26310,컴퓨터 제조업,"조립금속(디스플레이, 반도체)",조립금속,Electro_ne,전기전자_비에너지,Semidis,CHANGE,Inseparable from KSIC 26,
C,제조업,26,"전자부품, 컴퓨터, 영상, 음향 및 통신장비 제조업",263,컴퓨터 및 주변장치 제조업,2632,기억장치 및 주변기기 제조업,26321,기억장치 제조업,"조립금속(디스플레이, 반도체)",조립금속,Electro_ne,전기전자_비에너지,Semidis,CHANGE,Inseparable from KSIC 26,
C,제조업,26,"전자부품, 컴퓨터, 영상, 음향 및 통신장비 제조업",263,컴퓨터 및 주변장치 제조업,2632,기억장치 및 주변기기 제조업,26322,컴퓨터 모니터 제조업,"조립금속(디스플레이, 반도체)",조립금속,Electro_ne,전기전자_비에너지,Semidis,CHANGE,Inseparable from KSIC 26,
C,제조업,26,"전자부품, 컴퓨터, 영상, 음향 및 통신장비 제조업",263,컴퓨터 및 주변장치 제조업,2632,기억장치 및 주변기기 제조업,26323,컴퓨터 프린터 제조업,"조립금속(디스플레이, 반도체)",조립금속,Electro_ne,전기전자_비에너지,Semidis,CHANGE,Inseparable from KSIC 26,
C,제조업,26,"전자부품, 컴퓨터, 영상, 음향 및 통신장비 제조업",263,컴퓨터 및 주변장치 제조업,2632,기억장치 및 주변기기 제조업,26329,기타 주변기기 제조업,"조립금속(디스플레이, 반도체)",조립금속,Electro_ne,전기전자_비에너지,Semidis,CHANGE,Inseparable from KSIC 26,
C,제조업,26,"전자부품, 컴퓨터, 영상, 음향 및 통신장비 제조업",264,통신 및 방송 장비 제조업,2641,유선 통신장비 제조업,26410,유선 통신장비 제조업,"조립금속(디스플레이, 반도체)",조립금속,Electro_ne,전기전자_비에너지,Semidis,CHANGE,Inseparable from KSIC 26,
C,제조업,26,"전자부품, 컴퓨터, 영상, 음향 및 통신장비 제조업",264,통신 및 방송 장비 제조업,2641,유선 통신장비 제조업,26410,유선 통신장비 제조업,"조립금속(디스플레이, 반도체)",조립금속,Electro_ne,전기전자_비에너지,Semidis,CHANGE,Inseparable from KSIC 26,
C,제조업,26,"전자부품, 컴퓨터, 영상, 음향 및 통신장비 제조업",264,통신 및 방송 장비 제조업,2642,방송 및 무선 통신장비 제조업,26421,방송장비 제조업,"조립금속(디스플레이, 반도체)",조립금속,Electro_ne,전기전자_비에너지,Semidis,CHANGE,Inseparable from KSIC 26,
C,제조업,26,"전자부품, 컴퓨터, 영상, 음향 및 통신장비 제조업",264,통신 및 방송 장비 제조업,2642,방송 및 무선 통신장비 제조업,26422,이동전화기 제조업,"조립금속(디스플레이, 반도체)",조립금속,Electro_ne,전기전자_비에너지,Semidis,CHANGE,Inseparable from KSIC 26,
C,제조업,26,"전자부품, 컴퓨터, 영상, 음향 및 통신장비 제조업",264,통신 및 방송 장비 제조업,2642,방송 및 무선 통신장비 제조업,26429,기타 무선 통신장비 제조업,"조립금속(디스플레이, 반도체)",조립금속,Electro_ne,전기전자_비에너지,Semidis,CHANGE,Inseparable from KSIC 26,
C,제조업,26,"전자부품, 컴퓨터, 영상, 음향 및 통신장비 제조업",265,영상 및 음향기기 제조업,2651,"텔레비전, 비디오 및 기타 영상기기 제조업",26511,텔레비전 제조업,"조립금속(디스플레이, 반도체)",조립금속,Electro_ne,전기전자_비에너지,Semidis,CHANGE,Inseparable from KSIC 26,
C,제조업,26,"전자부품, 컴퓨터, 영상, 음향 및 통신장비 제조업",265,영상 및 음향기기 제조업,2651,"텔레비전, 비디오 및 기타 영상기기 제조업",26519,비디오 및 기타 영상기기 제조업,"조립금속(디스플레이, 반도체)",조립금속,Electro_ne,전기전자_비에너지,Semidis,CHANGE,Inseparable from KSIC 26,
C,제조업,26,"전자부품, 컴퓨터, 영상, 음향 및 통신장비 제조업",265,영상 및 음향기기 제조업,2652,"오디오, 스피커 및 기타 음향기기 제조업",26521,"라디오, 녹음 및 재생 기기 제조업","조립금속(디스플레이, 반도체)",조립금속,Electro_ne,전기전자_비에너지,Semidis,CHANGE,Inseparable from KSIC 26,
C,제조업,26,"전자부품, 컴퓨터, 영상, 음향 및 통신장비 제조업",265,영상 및 음향기기 제조업,2652,"오디오, 스피커 및 기타 음향기기 제조업",26529,기타 음향기기 제조업,"조립금속(디스플레이, 반도체)",조립금속,Electro_ne,전기전자_비에너지,Semidis,CHANGE,Inseparable from KSIC 26,
C,제조업,26,"전자부품, 컴퓨터, 영상, 음향 및 통신장비 제조업",266,마그네틱 및 광학 매체 제조업,2660,마그네틱 및 광학 매체 제조업,26600,마그네틱 및 광학 매체 제조업,"조립금속(디스플레이, 반도체)",조립금속,Electro_ne,전기전자_비에너지,Semidis,CHANGE,Inseparable from KSIC 26,
C,제조업,27,"의료, 정밀, 광학기기 및 시계 제조업",271,의료용 기기 제조업,2711,방사선장치 및 전기식 진단기기 제조업,27111,방사선 장치 제조업,조립금속(전기전자),조립금속,Machine,기계,Electronics,CHANGE,Resaon? Most of items are quite different from Electronics,
C,제조업,27,"의료, 정밀, 광학기기 및 시계 제조업",271,의료용 기기 제조업,2711,방사선장치 및 전기식 진단기기 제조업,27112,전기식 진단 및 요법 기기 제조업,조립금속(전기전자),조립금속,Machine,기계,Electronics,CHANGE,Resaon? Most of items are quite different from Electronics,
C,제조업,27,"의료, 정밀, 광학기기 및 시계 제조업",271,의료용 기기 제조업,2719,기타 의료용 기기 제조업,27191,치과용 기기 제조업,조립금속(전기전자),조립금속,Machine,기계,Electronics,CHANGE,Resaon? Most of items are quite different from Electronics,
C,제조업,27,"의료, 정밀, 광학기기 및 시계 제조업",271,의료용 기기 제조업,2719,기타 의료용 기기 제조업,27192,정형외과용신체보정용기기제조업,조립금속(전기전자),조립금속,Machine,기계,Electronics,CHANGE,Resaon? Most of items are quite different from Electronics,
C,제조업,27,"의료, 정밀, 광학기기 및 시계 제조업",271,의료용 기기 제조업,2719,기타 의료용 기기 제조업,27193,의료용 가구 제조업,조립금속(전기전자),조립금속,Machine,기계,Electronics,CHANGE,Resaon? Most of items are quite different from Electronics,
C,제조업,27,"의료, 정밀, 광학기기 및 시계 제조업",271,의료용 기기 제조업,2719,기타 의료용 기기 제조업,27199,그외 기타 의료용 기기 제조업,조립금속(전기전자),조립금속,Machine,기계,Electronics,CHANGE,Resaon? Most of items are quite different from Electronics,
C,제조업,27,"의료, 정밀, 광학기기 및 시계 제조업",272,"측정, 시험, 항해, 제어 및 기타 정밀기기 제조업; 광학기기 제외",2721,"측정, 시험, 항해, 제어 및 기타 정밀기기 제조업",27211,항행용무선기기및측량기구제조업,조립금속(전기전자),조립금속,Machine,기계,Electronics,CHANGE,Resaon? Most of items are quite different from Electronics,
C,제조업,27,"의료, 정밀, 광학기기 및 시계 제조업",272,"측정, 시험, 항해, 제어 및 기타 정밀기기 제조업; 광학기기 제외",2721,"측정, 시험, 항해, 제어 및 기타 정밀기기 제조업",27212,전자기측정 시험및분석기구제조업,조립금속(전기전자),조립금속,Machine,기계,Electronics,CHANGE,Resaon? Most of items are quite different from Electronics,
C,제조업,27,"의료, 정밀, 광학기기 및 시계 제조업",272,"측정, 시험, 항해, 제어 및 기타 정밀기기 제조업; 광학기기 제외",2721,"측정, 시험, 항해, 제어 및 기타 정밀기기 제조업",27213,"물질검사, 측정및분석기구제조업",조립금속(전기전자),조립금속,Machine,기계,Electronics,CHANGE,Resaon? Most of items are quite different from Electronics,
C,제조업,27,"의료, 정밀, 광학기기 및 시계 제조업",272,"측정, 시험, 항해, 제어 및 기타 정밀기기 제조업; 광학기기 제외",2721,"측정, 시험, 항해, 제어 및 기타 정밀기기 제조업",27214,속도계 및 적산계기 제조업,조립금속(전기전자),조립금속,Machine,기계,Electronics,CHANGE,Resaon? Most of items are quite different from Electronics,
C,제조업,27,"의료, 정밀, 광학기기 및 시계 제조업",272,"측정, 시험, 항해, 제어 및 기타 정밀기기 제조업; 광학기기 제외",2721,"측정, 시험, 항해, 제어 및 기타 정밀기기 제조업",27215,기기자동측정및제어장치제조업,조립금속(전기전자),조립금속,Machine,기계,Electronics,CHANGE,Resaon? Most of items are quite different from Electronics,
C,제조업,27,"의료, 정밀, 광학기기 및 시계 제조업",272,"측정, 시험, 항해, 제어 및 기타 정밀기기 제조업; 광학기기 제외",2721,"측정, 시험, 항해, 제어 및 기타 정밀기기 제조업",27216,산업처리공정 제어장비 제조업,조립금속(전기전자),조립금속,Machine,기계,Electronics,CHANGE,Resaon? Most of items are quite different from Electronics,
C,제조업,27,"의료, 정밀, 광학기기 및 시계 제조업",272,"측정, 시험, 항해, 제어 및 기타 정밀기기 제조업; 광학기기 제외",2721,"측정, 시험, 항해, 제어 및 기타 정밀기기 제조업",27219,"기타 측정, 시험, 항해, 제어 및 정밀기기 제조업",조립금속(전기전자),조립금속,Machine,기계,Electronics,CHANGE,Resaon? Most of items are quite different from Electronics,
C,제조업,27,"의료, 정밀, 광학기기 및 시계 제조업",272,"측정, 시험, 항해, 제어 및 기타 정밀기기 제조업; 광학기기 제외",2721,"측정, 시험, 항해, 제어 및 기타 정밀기기 제조업",27219,기타측정시험항해및정밀기기 제조업,조립금속(전기전자),조립금속,Machine,기계,Electronics,CHANGE,Resaon? Most of items are quite different from Electronics,
C,제조업,27,"의료, 정밀, 광학기기 및 시계 제조업",273,"안경, 사진장비 및 기타 광학기기 제조업",2731,안경 제조업,27310,안경 제조업,조립금속(전기전자),조립금속,Machine,기계,Electronics,CHANGE,Resaon? Most of items are quite different from Electronics,
C,제조업,27,"의료, 정밀, 광학기기 및 시계 제조업",273,"안경, 사진장비 및 기타 광학기기 제조업",2732,광학기기 및 사진장비 제조업,27321,광학렌즈 및 광학요소 제조업,조립금속(전기전자),조립금속,Machine,기계,Electronics,CHANGE,Resaon? Most of items are quite different from Electronics,
C,제조업,27,"의료, 정밀, 광학기기 및 시계 제조업",273,"안경, 사진장비 및 기타 광학기기 제조업",2732,광학기기 및 사진장비 제조업,27322,사진기 영사기및관련장비제조업,조립금속(전기전자),조립금속,Machine,기계,Electronics,CHANGE,Resaon? Most of items are quite different from Electronics,
C,제조업,27,"의료, 정밀, 광학기기 및 시계 제조업",273,"안경, 사진장비 및 기타 광학기기 제조업",2732,광학기기 및 사진장비 제조업,27329,기타 광학기기 제조업,조립금속(전기전자),조립금속,Machine,기계,Electronics,CHANGE,Resaon? Most of items are quite different from Electronics,
C,제조업,27,"의료, 정밀, 광학기기 및 시계 제조업",274,시계 및 시계부품 제조업,2740,시계 및 시계부품 제조업,27401,시계제조업,조립금속(전기전자),조립금속,Machine,기계,Electronics,CHANGE,Resaon? Most of items are quite different from Electronics,
C,제조업,27,"의료, 정밀, 광학기기 및 시계 제조업",274,시계 및 시계부품 제조업,2740,시계 및 시계부품 제조업,27402,시계부품 제조업,조립금속(전기전자),조립금속,Machine,기계,Electronics,CHANGE,Resaon? Most of items are quite different from Electronics,
C,제조업,28,전기장비 제조업,281,"전동기, 발전기 및 전기 변환 · 공급 · 제어 장치 제조업",2811,"전동기, 발전기 및 전기변환장치 제조업",28111,전동기 및 발전기 제조업,조립금속(전기전자),조립금속,Electro_e,전기전자_에너지,Electronics,CHANGE,Consolidate Electro_e and Electro_ne,
C,제조업,28,전기장비 제조업,281,"전동기, 발전기 및 전기 변환 · 공급 · 제어 장치 제조업",2811,"전동기, 발전기 및 전기변환장치 제조업",28112,변압기 제조업,조립금속(전기전자),조립금속,Electro_e,전기전자_에너지,Electronics,CHANGE,Consolidate Electro_e and Electro_ne,
C,제조업,28,전기장비 제조업,281,"전동기, 발전기 및 전기 변환 · 공급 · 제어 장치 제조업",2811,"전동기, 발전기 및 전기변환장치 제조업",28113,방전램프용 안정기 제조업,조립금속(전기전자),조립금속,Electro_e,전기전자_에너지,Electronics,CHANGE,Consolidate Electro_e and Electro_ne,
C,제조업,28,전기장비 제조업,281,"전동기, 발전기 및 전기 변환 · 공급 · 제어 장치 제조업",2811,"전동기, 발전기 및 전기변환장치 제조업",28119,기타발전기및전기변환장치제조업,조립금속(전기전자),조립금속,Electro_e,전기전자_에너지,Electronics,CHANGE,Consolidate Electro_e and Electro_ne,
C,제조업,28,전기장비 제조업,281,"전동기, 발전기 및 전기 변환 · 공급 · 제어 장치 제조업",2812,전기공급 및 전기제어 장치 제조업,28121,전기회로개폐보호접속장치제조업,조립금속(전기전자),조립금속,Electro_e,전기전자_에너지,Electronics,CHANGE,Consolidate Electro_e and Electro_ne,
C,제조업,28,전기장비 제조업,281,"전동기, 발전기 및 전기 변환 · 공급 · 제어 장치 제조업",2812,전기공급 및 전기제어 장치 제조업,28122,배전반 및 전기자동제어반 제조업,조립금속(전기전자),조립금속,Electro_e,전기전자_에너지,Electronics,CHANGE,Consolidate Electro_e and Electro_ne,
C,제조업,28,전기장비 제조업,282,일차전지 및 축전지 제조업,2820,일차전지 및 축전지 제조업,28201,일차전지 제조업,조립금속(전기전자),조립금속,Electro_e,전기전자_에너지,Electronics,CHANGE,Consolidate Electro_e and Electro_ne,
C,제조업,28,전기장비 제조업,282,일차전지 및 축전지 제조업,2820,일차전지 및 축전지 제조업,28202,축전지 제조업,조립금속(전기전자),조립금속,Electro_e,전기전자_에너지,Electronics,CHANGE,Consolidate Electro_e and Electro_ne,
C,제조업,28,전기장비 제조업,283,절연선 및 케이블 제조업,2830,절연선 및 케이블 제조업,28301,광섬유 케이블 제조업,조립금속(전기전자),조립금속,Electro_e,전기전자_에너지,Electronics,CHANGE,Consolidate Electro_e and Electro_ne,
C,제조업,28,전기장비 제조업,283,절연선 및 케이블 제조업,2830,절연선 및 케이블 제조업,28301,광섬유 케이블 제조업,조립금속(전기전자),조립금속,Electro_e,전기전자_에너지,Electronics,CHANGE,Consolidate Electro_e and Electro_ne,
C,제조업,28,전기장비 제조업,283,절연선 및 케이블 제조업,2830,절연선 및 케이블 제조업,28302,기타 절연선 및 케이블 제조업,조립금속(전기전자),조립금속,Electro_e,전기전자_에너지,Electronics,CHANGE,Consolidate Electro_e and Electro_ne,
C,제조업,28,전기장비 제조업,283,절연선 및 케이블 제조업,2830,절연선 및 케이블 제조업,28303,절연코드세트및기타도체제조업,조립금속(전기전자),조립금속,Electro_e,전기전자_에너지,Electronics,CHANGE,Consolidate Electro_e and Electro_ne,
C,제조업,28,전기장비 제조업,284,전구 및 조명장치 제조업,2841,전구램프제조업,28410,전구 및 램프 제조업,조립금속(전기전자),조립금속,Electro_e,전기전자_에너지,Electronics,CHANGE,Consolidate Electro_e and Electro_ne,
C,제조업,28,전기장비 제조업,284,전구 및 조명장치 제조업,2842,조명장치 제조업,28421,운송장비용 조명장치 제조업,조립금속(전기전자),조립금속,Electro_e,전기전자_에너지,Electronics,CHANGE,Consolidate Electro_e and Electro_ne,
C,제조업,28,전기장비 제조업,284,전구 및 조명장치 제조업,2842,조명장치 제조업,28421,운송장비용 조명장치 제조업,조립금속(전기전자),조립금속,Electro_e,전기전자_에너지,Electronics,CHANGE,Consolidate Electro_e and Electro_ne,
C,제조업,28,전기장비 제조업,284,전구 및 조명장치 제조업,2842,조명장치 제조업,28422,일반용 전기 조명장치 제조업,조립금속(전기전자),조립금속,Electro_e,전기전자_에너지,Electronics,CHANGE,Consolidate Electro_e and Electro_ne,
C,제조업,28,전기장비 제조업,284,전구 및 조명장치 제조업,2842,조명장치 제조업,28423,전시 및 광고용 조명장치 제조업,조립금속(전기전자),조립금속,Electro_e,전기전자_에너지,Electronics,CHANGE,Consolidate Electro_e and Electro_ne,
C,제조업,28,전기장비 제조업,284,전구 및 조명장치 제조업,2842,조명장치 제조업,28423,전시 및 광고용 조명장치 제조업,조립금속(전기전자),조립금속,Electro_e,전기전자_에너지,Electronics,CHANGE,Consolidate Electro_e and Electro_ne,
C,제조업,28,전기장비 제조업,284,전구 및 조명장치 제조업,2842,조명장치 제조업,28429,기타 조명장치 제조업,조립금속(전기전자),조립금속,Electro_e,전기전자_에너지,Electronics,CHANGE,Consolidate Electro_e and Electro_ne,
C,제조업,28,전기장비 제조업,285,가정용 기기 제조업,2851,가정용 전기기기 제조업,28511,주방용 전기기기 제조업,조립금속(전기전자),조립금속,Electro_ne,전기전자_비에너지,Electronics,CHANGE,Consolidate Electro_e and Electro_ne,
C,제조업,28,전기장비 제조업,285,가정용 기기 제조업,2851,가정용 전기기기 제조업,28511,주방용 전기기기 제조업,조립금속(전기전자),조립금속,Electro_ne,전기전자_비에너지,Electronics,CHANGE,Consolidate Electro_e and Electro_ne,
C,제조업,28,전기장비 제조업,285,가정용 기기 제조업,2851,가정용 전기기기 제조업,28512,가정용 전기 난방기기 제조업,조립금속(전기전자),조립금속,Electro_ne,전기전자_비에너지,Electronics,CHANGE,Consolidate Electro_e and Electro_ne,
C,제조업,28,전기장비 제조업,285,가정용 기기 제조업,2851,가정용 전기기기 제조업,28519,기타 가정용 전기기기 제조업,조립금속(전기전자),조립금속,Electro_ne,전기전자_비에너지,Electronics,CHANGE,Consolidate Electro_e and Electro_ne,
C,제조업,28,전기장비 제조업,285,가정용 기기 제조업,2851,가정용 전기기기 제조업,28519,기타 가정용 전기기기 제조업,조립금속(전기전자),조립금속,Electro_ne,전기전자_비에너지,Electronics,CHANGE,Consolidate Electro_e and Electro_ne,
C,제조업,28,전기장비 제조업,285,가정용 기기 제조업,2851,가정용 전기기기 제조업,28519,기타 가정용 전기기기 제조업,조립금속(전기전자),조립금속,Electro_ne,전기전자_비에너지,Electronics,CHANGE,Consolidate Electro_e and Electro_ne,
C,제조업,28,전기장비 제조업,285,가정용 기기 제조업,2852,가정용비전기식난방기구제조,28520,가정용비전기식조리난방기구제조업,조립금속(전기전자),조립금속,Electro_ne,전기전자_비에너지,Electronics,CHANGE,Consolidate Electro_e and Electro_ne,
C,제조업,28,전기장비 제조업,289,기타 전기장비 제조업,2890,기타 전기장비 제조업,28901,전기경보 및 신호장치 제조업,조립금속(전기전자),조립금속,Electro_ne,전기전자_비에너지,Electronics,CHANGE,Consolidate Electro_e and Electro_ne,
C,제조업,28,전기장비 제조업,289,기타 전기장비 제조업,2890,기타 전기장비 제조업,28902,전기용탄소제품및절연제품제조업,조립금속(전기전자),조립금속,Electro_ne,전기전자_비에너지,Electronics,CHANGE,Consolidate Electro_e and Electro_ne,
C,제조업,28,전기장비 제조업,289,기타 전기장비 제조업,2890,기타 전기장비 제조업,28903,교통 신호장치 제조업,조립금속(전기전자),조립금속,Electro_ne,전기전자_비에너지,Electronics,CHANGE,Consolidate Electro_e and Electro_ne,
C,제조업,28,전기장비 제조업,289,기타 전기장비 제조업,2890,기타 전기장비 제조업,28909,그외 기타 전기장비 제조업,조립금속(전기전자),조립금속,Electro_ne,전기전자_비에너지,Electronics,CHANGE,Consolidate Electro_e and Electro_ne,
C,제조업,28,전기장비 제조업,289,기타 전기장비 제조업,2890,기타 전기장비 제조업,28909,그외 기타 전기장비 제조업,조립금속(전기전자),조립금속,Electro_ne,전기전자_비에너지,Electronics,CHANGE,Consolidate Electro_e and Electro_ne,
C,제조업,28,전기장비 제조업,289,기타 전기장비 제조업,2890,기타 전기장비 제조업,28909,그외 기타 전기장비 제조업,조립금속(전기전자),조립금속,Electro_ne,전기전자_비에너지,Electronics,CHANGE,Consolidate Electro_e and Electro_ne,
C,제조업,28,전기장비 제조업,289,기타 전기장비 제조업,2890,기타 전기장비 제조업,28909,그외 기타 전기장비 제조업,조립금속(전기전자),조립금속,Electro_ne,전기전자_비에너지,Electronics,CHANGE,Consolidate Electro_e and Electro_ne,
C,제조업,28,전기장비 제조업,289,기타 전기장비 제조업,2890,기타 전기장비 제조업,28909,그외 기타 전기장비 제조업,조립금속(전기전자),조립금속,Electro_ne,전기전자_비에너지,Electronics,CHANGE,Consolidate Electro_e and Electro_ne,
C,제조업,28,전기장비 제조업,289,기타 전기장비 제조업,2890,기타 전기장비 제조업,28909,그외 기타 전기장비 제조업,조립금속(전기전자),조립금속,Electro_ne,전기전자_비에너지,Electronics,CHANGE,Consolidate Electro_e and Electro_ne,
C,제조업,29,기타 기계 및 장비 제조업,291,일반 목적용 기계 제조업,2911,내연기관 및 터빈 제조업; 항공기용 및 차량용 제외,29111,내연기관 제조업,조립금속(기계),조립금속,Machine,기계,Machine,KEEP,,
C,제조업,29,기타 기계 및 장비 제조업,291,일반 목적용 기계 제조업,2911,내연기관 및 터빈 제조업; 항공기용 및 차량용 제외,29119,기타 기관 및 터빈 제조업,조립금속(기계),조립금속,Machine,기계,Machine,KEEP,,
C,제조업,29,기타 기계 및 장비 제조업,291,일반 목적용 기계 제조업,2912,유압기기 제조업,29120,유압기기 제조업,조립금속(기계),조립금속,Machine,기계,Machine,KEEP,,
C,제조업,29,기타 기계 및 장비 제조업,291,일반 목적용 기계 제조업,2912,유압기기 제조업,29120,유압기기 제조업,조립금속(기계),조립금속,Machine,기계,Machine,KEEP,,
C,제조업,29,기타 기계 및 장비 제조업,291,일반 목적용 기계 제조업,2912,유압기기 제조업,29120,유압기기 제조업,조립금속(기계),조립금속,Machine,기계,Machine,KEEP,,
C,제조업,29,기타 기계 및 장비 제조업,291,일반 목적용 기계 제조업,2912,유압기기 제조업,29120,유압기기 제조업,조립금속(기계),조립금속,Machine,기계,Machine,KEEP,,
C,제조업,29,기타 기계 및 장비 제조업,291,일반 목적용 기계 제조업,2913,"펌프 및 압축기 제조업; 탭, 밸브 및 유사장치 제조 포함",29131,액체 펌프 제조업,조립금속(기계),조립금속,Machine,기계,Machine,KEEP,,
C,제조업,29,기타 기계 및 장비 제조업,291,일반 목적용 기계 제조업,2913,"펌프 및 압축기 제조업; 탭, 밸브 및 유사장치 제조 포함",29132,기체 펌프 및 압축기 제조업,조립금속(기계),조립금속,Machine,기계,Machine,KEEP,,
C,제조업,29,기타 기계 및 장비 제조업,291,일반 목적용 기계 제조업,2913,"펌프 및 압축기 제조업; 탭, 밸브 및 유사장치 제조 포함",29133,"탭, 밸브 및 유사장치 제조업",조립금속(기계),조립금속,Machine,기계,Machine,KEEP,,
C,제조업,29,기타 기계 및 장비 제조업,291,일반 목적용 기계 제조업,2914,"베어링, 기어 및 동력전달장치 제조업",29141,볼베어링 및 롤러베어링 제조업,조립금속(기계),조립금속,Machine,기계,Machine,KEEP,,
C,제조업,29,기타 기계 및 장비 제조업,291,일반 목적용 기계 제조업,2914,"베어링, 기어 및 동력전달장치 제조업",29142,기어 및 동력전달장치 제조업,조립금속(기계),조립금속,Machine,기계,Machine,KEEP,,
C,제조업,29,기타 기계 및 장비 제조업,291,일반 목적용 기계 제조업,2915,"산업용 오븐, 노 및 노용 버너 제조업",29150,"산업용 오븐,노및노 버너 제조업",조립금속(기계),조립금속,Machine,기계,Machine,KEEP,,
C,제조업,29,기타 기계 및 장비 제조업,291,일반 목적용 기계 제조업,2915,"산업용 오븐, 노 및 노용 버너 제조업",29150,"산업용오븐,노및노용버너제조업",조립금속(기계),조립금속,Machine,기계,Machine,KEEP,,
C,제조업,29,기타 기계 및 장비 제조업,291,일반 목적용 기계 제조업,2916,"산업용 트럭, 승강기 및 물품취급장비 제조업",29161,산업용 트럭 및 적재기 제조업,조립금속(기계),조립금속,Machine,기계,Machine,KEEP,,
C,제조업,29,기타 기계 및 장비 제조업,291,일반 목적용 기계 제조업,2916,"산업용 트럭, 승강기 및 물품취급장비 제조업",29162,승강기 제조업,조립금속(기계),조립금속,Machine,기계,Machine,KEEP,,
C,제조업,29,기타 기계 및 장비 제조업,291,일반 목적용 기계 제조업,2916,"산업용 트럭, 승강기 및 물품취급장비 제조업",29163,컨베이어장치 제조업,조립금속(기계),조립금속,Machine,기계,Machine,KEEP,,
C,제조업,29,기타 기계 및 장비 제조업,291,일반 목적용 기계 제조업,2916,"산업용 트럭, 승강기 및 물품취급장비 제조업",29169,기타 물품취급장비 제조업,조립금속(기계),조립금속,Machine,기계,Machine,KEEP,,
C,제조업,29,기타 기계 및 장비 제조업,291,일반 목적용 기계 제조업,2917,"냉각, 공기조화, 여과, 증류 및 가스발생기 제조업",29171,산업용 냉장 및 냉동 장비 제조업,조립금속(기계),조립금속,Machine,기계,Machine,KEEP,,
C,제조업,29,기타 기계 및 장비 제조업,291,일반 목적용 기계 제조업,2917,"냉각, 공기조화, 여과, 증류 및 가스발생기 제조업",29172,공기조화장치 제조업,조립금속(기계),조립금속,Machine,기계,Machine,KEEP,,
C,제조업,29,기타 기계 및 장비 제조업,291,일반 목적용 기계 제조업,2917,"냉각, 공기조화, 여과, 증류 및 가스발생기 제조업",29173,산업용 송풍기배기장치 제조업,조립금속(기계),조립금속,Machine,기계,Machine,KEEP,,
C,제조업,29,기타 기계 및 장비 제조업,291,일반 목적용 기계 제조업,2917,"냉각, 공기조화, 여과, 증류 및 가스발생기 제조업",29174,기체 여과기 제조업,조립금속(기계),조립금속,Machine,기계,Machine,KEEP,,
C,제조업,29,기타 기계 및 장비 제조업,291,일반 목적용 기계 제조업,2917,"냉각, 공기조화, 여과, 증류 및 가스발생기 제조업",29175,액체 여과기 제조업,조립금속(기계),조립금속,Machine,기계,Machine,KEEP,,
C,제조업,29,기타 기계 및 장비 제조업,291,일반 목적용 기계 제조업,2917,"냉각, 공기조화, 여과, 증류 및 가스발생기 제조업",29176,"증류기,열교환기가스발생기제조",조립금속(기계),조립금속,Machine,기계,Machine,KEEP,,
C,제조업,29,기타 기계 및 장비 제조업,291,일반 목적용 기계 제조업,2918,사무용 기계 및 장비 제조업,29180,사무용 기계 및 장비 제조업,조립금속(기계),조립금속,Machine,기계,Machine,KEEP,,
C,제조업,29,기타 기계 및 장비 제조업,291,일반 목적용 기계 제조업,2918,사무용 기계 및 장비 제조업,29180,사무용 기계 및 장비 제조업,조립금속(기계),조립금속,Machine,기계,Machine,KEEP,,
C,제조업,29,기타 기계 및 장비 제조업,291,일반 목적용 기계 제조업,2918,사무용 기계 및 장비 제조업,29180,사무용 기계 및 장비 제조업,조립금속(기계),조립금속,Machine,기계,Machine,KEEP,,
C,제조업,29,기타 기계 및 장비 제조업,291,일반 목적용 기계 제조업,2918,사무용 기계 및 장비 제조업,29180,사무용 기계 및 장비 제조업,조립금속(기계),조립금속,Machine,기계,Machine,KEEP,,
C,제조업,29,기타 기계 및 장비 제조업,291,일반 목적용 기계 제조업,2918,사무용 기계 및 장비 제조업,29180,사무용 기계 및 장비 제조업,조립금속(기계),조립금속,Machine,기계,Machine,KEEP,,
C,제조업,29,기타 기계 및 장비 제조업,291,일반 목적용 기계 제조업,2919,기타 일반 목적용 기계 제조업,29191,일반저울 제조업,조립금속(기계),조립금속,Machine,기계,Machine,KEEP,,
C,제조업,29,기타 기계 및 장비 제조업,291,일반 목적용 기계 제조업,2919,기타 일반 목적용 기계 제조업,29192,"용기세척, 포장 및 충전기 제조업",조립금속(기계),조립금속,Machine,기계,Machine,KEEP,,
C,제조업,29,기타 기계 및 장비 제조업,291,일반 목적용 기계 제조업,2919,기타 일반 목적용 기계 제조업,29193,자동판매기 및 화폐교환기 제조업,조립금속(기계),조립금속,Machine,기계,Machine,KEEP,,
C,제조업,29,기타 기계 및 장비 제조업,291,일반 목적용 기계 제조업,2919,기타 일반 목적용 기계 제조업,29194,분사기 및 소화기  제조업,조립금속(기계),조립금속,Machine,기계,Machine,KEEP,,
C,제조업,29,기타 기계 및 장비 제조업,291,일반 목적용 기계 제조업,2919,기타 일반 목적용 기계 제조업,29195,동력식 수지공구 제조업,조립금속(기계),조립금속,Machine,기계,Machine,KEEP,,
C,제조업,29,기타 기계 및 장비 제조업,291,일반 목적용 기계 제조업,2919,기타 일반 목적용 기계 제조업,29199,그외기타일반목적용기계 제조업,조립금속(기계),조립금속,Machine,기계,Machine,KEEP,,
C,제조업,29,기타 기계 및 장비 제조업,291,일반 목적용 기계 제조업,2919,기타 일반 목적용 기계 제조업,29199,그외기타일반목적용기계제조업,조립금속(기계),조립금속,Machine,기계,Machine,KEEP,,
C,제조업,29,기타 기계 및 장비 제조업,292,특수 목적용 기계 제조업,2921,농업 및 임업용 기계 제조업,29210,농업 및 임업용 기계 제조업,조립금속(기계),조립금속,Machine,기계,Machine,KEEP,,
C,제조업,29,기타 기계 및 장비 제조업,292,특수 목적용 기계 제조업,2922,가공공작기계 제조업,29221,전자응용 공작기계 제조업,조립금속(기계),조립금속,Machine,기계,Machine,KEEP,,
C,제조업,29,기타 기계 및 장비 제조업,292,특수 목적용 기계 제조업,2922,가공공작기계 제조업,29222,금속 절삭기계 제조업,조립금속(기계),조립금속,Machine,기계,Machine,KEEP,,
C,제조업,29,기타 기계 및 장비 제조업,292,특수 목적용 기계 제조업,2922,가공공작기계 제조업,29223,금속 성형기계 제조업,조립금속(기계),조립금속,Machine,기계,Machine,KEEP,,
C,제조업,29,기타 기계 및 장비 제조업,292,특수 목적용 기계 제조업,2922,가공공작기계 제조업,29229,기타 가공공작기계 제조업,조립금속(기계),조립금속,Machine,기계,Machine,KEEP,,
C,제조업,29,기타 기계 및 장비 제조업,292,특수 목적용 기계 제조업,2923,금속주조 및 기타 야금용 기계 제조업,29230,금속주조및기타야금용기계제조업,조립금속(기계),조립금속,Machine,기계,Machine,KEEP,,
C,제조업,29,기타 기계 및 장비 제조업,292,특수 목적용 기계 제조업,2924,건설 및 광산용 기계장비 제조업,29241,토목공사및유사용기계장비제조업,조립금속(기계),조립금속,Machine,기계,Machine,KEEP,,
C,제조업,29,기타 기계 및 장비 제조업,292,특수 목적용 기계 제조업,2924,건설 및 광산용 기계장비 제조업,29242,광물처리 및 취급장비 제조업,조립금속(기계),조립금속,Machine,기계,Machine,KEEP,,
C,제조업,29,기타 기계 및 장비 제조업,292,특수 목적용 기계 제조업,2925,음·식료품 및 담배 가공기계 제조업,29250,음·식료품및담배가공기계제조업,조립금속(기계),조립금속,Machine,기계,Machine,KEEP,,
C,제조업,29,기타 기계 및 장비 제조업,292,특수 목적용 기계 제조업,2925,음·식료품 및 담배 가공기계 제조업,29250,음·식료품및담배가공기계제조업,조립금속(기계),조립금속,Machine,기계,Machine,KEEP,,
C,제조업,29,기타 기계 및 장비 제조업,292,특수 목적용 기계 제조업,2926,"섬유, 의복 및 가죽 가공기계 제조업",29261,"산업용 섬유세척, 염색, 정리 및 가공 기계 제조업",조립금속(기계),조립금속,Machine,기계,Machine,KEEP,,
C,제조업,29,기타 기계 및 장비 제조업,292,특수 목적용 기계 제조업,2926,"섬유, 의복 및 가죽 가공기계 제조업",29269,"기타 섬유, 의복 및 가죽 가공 기계 제조업",조립금속(기계),조립금속,Machine,기계,Machine,KEEP,,
C,제조업,29,기타 기계 및 장비 제조업,292,특수 목적용 기계 제조업,2926,"섬유, 의복 및 가죽 가공기계 제조업",29269,"기타 섬유, 의복 및 가죽 가공 기계 제조업",조립금속(기계),조립금속,Machine,기계,Machine,KEEP,,
C,제조업,29,기타 기계 및 장비 제조업,292,특수 목적용 기계 제조업,2927,반도체 및 평판디스플레이 제조용 기계 제조업,29271,반도체 제조용 기계 제조업,조립금속(기계),조립금속,Machine,기계,Machine,KEEP,,
C,제조업,29,기타 기계 및 장비 제조업,292,특수 목적용 기계 제조업,2927,반도체 및 평판디스플레이 제조용 기계 제조업,29272,평판디스플레이제조용기계제조업,조립금속(기계),조립금속,Machine,기계,Machine,KEEP,,
C,제조업,29,기타 기계 및 장비 제조업,292,특수 목적용 기계 제조업,2928,산업용로봇제조,29280,산업용 로봇 제조업,조립금속(기계),조립금속,Machine,기계,Machine,KEEP,,
C,제조업,29,기타 기계 및 장비 제조업,292,특수 목적용 기계 제조업,2929,기타 특수목적용 기계 제조업,29291,펄프 및 종이 가공용 기계 제조업,조립금속(기계),조립금속,Machine,기계,Machine,KEEP,,
C,제조업,29,기타 기계 및 장비 제조업,292,특수 목적용 기계 제조업,2929,기타 특수목적용 기계 제조업,29292,"고무, 화학섬유 및 플라스틱 성형기 제조업",조립금속(기계),조립금속,Machine,기계,Machine,KEEP,,
C,제조업,29,기타 기계 및 장비 제조업,292,특수 목적용 기계 제조업,2929,기타 특수목적용 기계 제조업,29293,인쇄 및 제책용 기계 제조업,조립금속(기계),조립금속,Machine,기계,Machine,KEEP,,
C,제조업,29,기타 기계 및 장비 제조업,292,특수 목적용 기계 제조업,2929,기타 특수목적용 기계 제조업,29294,주형 및 금형 제조업,조립금속(기계),조립금속,Machine,기계,Machine,KEEP,,
C,제조업,29,기타 기계 및 장비 제조업,292,특수 목적용 기계 제조업,2929,기타 특수목적용 기계 제조업,29299,그외기타특수목적용기계제조업,조립금속(기계),조립금속,Machine,기계,Machine,KEEP,,
C,제조업,30,자동차 및 트레일러 제조업,301,자동차용 엔진 및 자동차 제조업,3011,자동차엔진제조,30110,자동차용 엔진 제조업,조립금속(자동차),조립금속,Auto,자동차,Auto,KEEP,,
C,제조업,30,자동차 및 트레일러 제조업,301,자동차용 엔진 및 자동차 제조업,3012,자동차 제조업,30121,승용차기타여객용자동차제조업,조립금속(자동차),조립금속,Auto,자동차,Auto,KEEP,,
C,제조업,30,자동차 및 트레일러 제조업,301,자동차용 엔진 및 자동차 제조업,3012,자동차 제조업,30122,화물및 특수목적용 자동차 제조업,조립금속(자동차),조립금속,Auto,자동차,Auto,KEEP,,
C,제조업,30,자동차 및 트레일러 제조업,302,자동차 차체 및 트레일러 제조업,3020,자동차 차체 및 트레일러 제조업,30201,차체 및 특장차 제조업,조립금속(자동차),조립금속,Auto,자동차,Auto,KEEP,,
C,제조업,30,자동차 및 트레일러 제조업,302,자동차 차체 및 트레일러 제조업,3020,자동차 차체 및 트레일러 제조업,30202,트레일러 및 세미트레일러 제조업,조립금속(자동차),조립금속,Auto,자동차,Auto,KEEP,,
C,제조업,30,자동차 및 트레일러 제조업,302,자동차 차체 및 트레일러 제조업,3020,자동차 차체 및 트레일러 제조업,30203,운송용 컨테이너 제조업,조립금속(자동차),조립금속,Auto,자동차,Auto,KEEP,,
C,제조업,30,자동차 및 트레일러 제조업,303,자동차 부품 제조업,3031,자동차 엔진용 부품 제조업,30310,자동차 엔진용 부품 제조업,조립금속(자동차),조립금속,Auto,자동차,Auto,KEEP,,
C,제조업,30,자동차 및 트레일러 제조업,303,자동차 부품 제조업,3032,자동차 차체용 부품 제조업,30320,자동차 차체용 부품 제조업,조립금속(자동차),조립금속,Auto,자동차,Auto,KEEP,,
C,제조업,30,자동차 및 트레일러 제조업,303,자동차 부품 제조업,3039,기타 자동차 부품 제조업,30391,자동차용 동력전달장치 제조업,조립금속(자동차),조립금속,Auto,자동차,Auto,KEEP,,
C,제조업,30,자동차 및 트레일러 제조업,303,자동차 부품 제조업,3039,기타 자동차 부품 제조업,30392,자동차용 전기장치 제조업,조립금속(자동차),조립금속,Auto,자동차,Auto,KEEP,,
C,제조업,30,자동차 및 트레일러 제조업,303,자동차 부품 제조업,3039,기타 자동차 부품 제조업,30392,자동차용 전기장치 제조업,조립금속(자동차),조립금속,Auto,자동차,Auto,KEEP,,
C,제조업,30,자동차 및 트레일러 제조업,303,자동차 부품 제조업,3039,기타 자동차 부품 제조업,30399,그외 기타 자동차 부품 제조업,조립금속(자동차),조립금속,Auto,자동차,Auto,KEEP,,
C,제조업,31,기타 운송장비 제조업,311,선박 및 보트 건조업,3111,선박 건조업,31111,강선 건조업,조립금속(조선),조립금속,Ship,조선,Ship,KEEP,,
C,제조업,31,기타 운송장비 제조업,311,선박 및 보트 건조업,3111,선박 건조업,31112,합성수지선 건조업,조립금속(조선),조립금속,Ship,조선,Ship,KEEP,,
C,제조업,31,기타 운송장비 제조업,311,선박 및 보트 건조업,3111,선박 건조업,31113,비철금속기타항해용선박건조업,조립금속(조선),조립금속,Ship,조선,Ship,KEEP,,
C,제조업,31,기타 운송장비 제조업,311,선박 및 보트 건조업,3111,선박 건조업,31114,선박 구성부분품 제조업,조립금속(조선),조립금속,Ship,조선,Ship,KEEP,,
C,제조업,31,기타 운송장비 제조업,311,선박 및 보트 건조업,3111,선박 건조업,31119,기타 선박 건조업,조립금속(조선),조립금속,Ship,조선,Ship,KEEP,,
C,제조업,31,기타 운송장비 제조업,311,선박 및 보트 건조업,3112,오락 및 스포츠용 보트 건조업,31120,오락 및 스포츠용 보트 건조업,조립금속(조선),조립금속,Ship,조선,Ship,KEEP,,
C,제조업,31,기타 운송장비 제조업,312,철도장비 제조업,3120,철도장비 제조업,31201,기관차 및 기타 철도차량 제조업,조립금속(조선),조립금속,MissManu,기타제조,Ship,CHANGE,inseparable from KSIC 31,
C,제조업,31,기타 운송장비 제조업,312,철도장비 제조업,3120,철도장비 제조업,31202,철도차량부품및관련장치물제조업,조립금속(조선),조립금속,MissManu,기타제조,Ship,CHANGE,inseparable from KSIC 31,
C,제조업,31,기타 운송장비 제조업,313,"항공기,우주선 및 부품 제조업",3131,"항공기,우주선 및 보조장치 제조업",31310,"항공기,우주선 및 보조장치 제조업",조립금속(조선),조립금속,MissManu,기타제조,Ship,CHANGE,inseparable from KSIC 31,
C,제조업,31,기타 운송장비 제조업,313,"항공기,우주선 및 부품 제조업",3131,"항공기,우주선 및 보조장치 제조업",31310,"항공기,우주선 및 보조장치 제조업",조립금속(조선),조립금속,MissManu,기타제조,Ship,CHANGE,inseparable from KSIC 31,
C,제조업,31,기타 운송장비 제조업,313,"항공기,우주선 및 부품 제조업",3132,항공기용 엔진 및 부품 제조업,31321,항공기용 엔진 제조업,조립금속(조선),조립금속,MissManu,기타제조,Ship,CHANGE,inseparable from KSIC 31,
C,제조업,31,기타 운송장비 제조업,313,"항공기,우주선 및 부품 제조업",3132,항공기용 엔진 및 부품 제조업,31322,항공기용 부품 제조업,조립금속(조선),조립금속,MissManu,기타제조,Ship,CHANGE,inseparable from KSIC 31,
C,제조업,31,기타 운송장비 제조업,319,그외 기타 운송장비 제조업,3191,전투용 차량 제조업,31910,전투용 차량 제조업,조립금속(조선),조립금속,MissManu,기타제조,Ship,CHANGE,inseparable from KSIC 31,
C,제조업,31,기타 운송장비 제조업,319,그외 기타 운송장비 제조업,3192,모터사이클제조,31920,모터사이클 제조업,조립금속(조선),조립금속,MissManu,기타제조,Ship,CHANGE,inseparable from KSIC 31,
C,제조업,31,기타 운송장비 제조업,319,그외 기타 운송장비 제조업,3199,그외 기타 분류안된 운송장비 제조업,31991,자전거 및 환자용 차량 제조업,조립금속(조선),조립금속,MissManu,기타제조,Ship,CHANGE,inseparable from KSIC 31,
C,제조업,31,기타 운송장비 제조업,319,그외 기타 운송장비 제조업,3199,그외 기타 분류안된 운송장비 제조업,31999,그외 기타 달리 분류되지 않은 운송장비 제조업,조립금속(조선),조립금속,MissManu,기타제조,Ship,CHANGE,inseparable from KSIC 31,
C,제조업,32,가구 제조업,320,가구 제조업,3201,침대 및 내장가구 제조업,32011,운송장비용 의자 제조업,기타제조,기타제조,MissManu,기타제조,MissManu,KEEP,,
C,제조업,32,가구 제조업,320,가구 제조업,3201,침대 및 내장가구 제조업,32012,매트리스 및 침대 제조업,기타제조,기타제조,MissManu,기타제조,MissManu,KEEP,,
C,제조업,32,가구 제조업,320,가구 제조업,3201,침대 및 내장가구 제조업,32019,소파 및 기타 내장가구 제조업,기타제조,기타제조,MissManu,기타제조,MissManu,KEEP,,
C,제조업,32,가구 제조업,320,가구 제조업,3202,목재가구 제조업,32021,주방용음식점용목재가구제조업,기타제조,기타제조,MissManu,기타제조,MissManu,KEEP,,
C,제조업,32,가구 제조업,320,가구 제조업,3202,목재가구 제조업,32022,나전칠기가구 제조업,기타제조,기타제조,MissManu,기타제조,MissManu,KEEP,,
C,제조업,32,가구 제조업,320,가구 제조업,3202,목재가구 제조업,32029,기타 목재가구 제조업,기타제조,기타제조,MissManu,기타제조,MissManu,KEEP,,
C,제조업,32,가구 제조업,320,가구 제조업,3209,기타 가구 제조업,32091,금속 가구 제조업,기타제조,기타제조,MissManu,기타제조,MissManu,KEEP,,
C,제조업,32,가구 제조업,320,가구 제조업,3209,기타 가구 제조업,32099,그외 기타 가구 제조업,기타제조,기타제조,MissManu,기타제조,MissManu,KEEP,,
C,제조업,33,기타 제품 제조업,331,귀금속 및 장신용품 제조업,3311,귀금속 및 관련제품 제조업,33110,귀금속 및 관련제품 제조업,기타제조,기타제조,MissManu,기타제조,MissManu,KEEP,,
C,제조업,33,기타 제품 제조업,331,귀금속 및 장신용품 제조업,3312,모조 귀금속 및 모조 장신용품 제조업,33120,모조 귀금속 및 모조 장신용품 제조업,기타제조,기타제조,MissManu,기타제조,MissManu,KEEP,,
C,제조업,33,기타 제품 제조업,332,악기 제조업,3320,악기제조업,33201,피아노 제조업,기타제조,기타제조,MissManu,기타제조,MissManu,KEEP,,
C,제조업,33,기타 제품 제조업,332,악기 제조업,3320,악기제조업,33202,현악기 제조업,기타제조,기타제조,MissManu,기타제조,MissManu,KEEP,,
C,제조업,33,기타 제품 제조업,332,악기 제조업,3320,악기제조업,33203,전자악기 제조업,기타제조,기타제조,MissManu,기타제조,MissManu,KEEP,,
C,제조업,33,기타 제품 제조업,332,악기 제조업,3320,악기제조업,33204,국악기 제조업,기타제조,기타제조,MissManu,기타제조,MissManu,KEEP,,
C,제조업,33,기타 제품 제조업,332,악기 제조업,3320,악기제조업,33209,기타 악기 제조업,기타제조,기타제조,MissManu,기타제조,MissManu,KEEP,,
C,제조업,33,기타 제품 제조업,333,운동 및 경기용구 제조업,3330,운동 및 경기용구 제조업,33301,체조육상체력단련용장비제조업,기타제조,기타제조,MissManu,기타제조,MissManu,KEEP,,
C,제조업,33,기타 제품 제조업,333,운동 및 경기용구 제조업,3330,운동 및 경기용구 제조업,33302,놀이터용 장비 제조업,기타제조,기타제조,MissManu,기타제조,MissManu,KEEP,,
C,제조업,33,기타 제품 제조업,333,운동 및 경기용구 제조업,3330,운동 및 경기용구 제조업,33303,낚시 및 수렵용구 제조업,기타제조,기타제조,MissManu,기타제조,MissManu,KEEP,,
C,제조업,33,기타 제품 제조업,333,운동 및 경기용구 제조업,3330,운동 및 경기용구 제조업,33309,기타 운동 및 경기용구 제조업,기타제조,기타제조,MissManu,기타제조,MissManu,KEEP,,
C,제조업,33,기타 제품 제조업,334,"인형,장난감 및 오락용품 제조업",3340,"인형,장난감 및 오락용품 제조업",33401,인형 및 장난감 제조업,기타제조,기타제조,MissManu,기타제조,MissManu,KEEP,,
C,제조업,33,기타 제품 제조업,334,"인형,장난감 및 오락용품 제조업",3340,"인형,장난감 및 오락용품 제조업",33401,인형 및 장난감 제조업,기타제조,기타제조,MissManu,기타제조,MissManu,KEEP,,
C,제조업,33,기타 제품 제조업,334,"인형,장난감 및 오락용품 제조업",3340,"인형,장난감 및 오락용품 제조업",33402,영상게임기 제조업,기타제조,기타제조,MissManu,기타제조,MissManu,KEEP,,
C,제조업,33,기타 제품 제조업,334,"인형,장난감 및 오락용품 제조업",3340,"인형,장난감 및 오락용품 제조업",33409,기타 오락용품 제조업,기타제조,기타제조,MissManu,기타제조,MissManu,KEEP,,
C,제조업,33,기타 제품 제조업,339,그외 기타 제품 제조업,3391,간판광고제조업,33910,간판 및 광고물 제조업,기타제조,기타제조,MissManu,기타제조,MissManu,KEEP,,
C,제조업,33,기타 제품 제조업,339,그외 기타 제품 제조업,3392,사무회화용품,33920,사무 및 회화용품 제조업,기타제조,기타제조,MissManu,기타제조,MissManu,KEEP,,
C,제조업,33,기타 제품 제조업,339,그외 기타 제품 제조업,3393,"가발, 장식용품 및 교시용 모형 제조업",33931,가발 및 유사 제품 제조업,기타제조,기타제조,MissManu,기타제조,MissManu,KEEP,,
C,제조업,33,기타 제품 제조업,339,그외 기타 제품 제조업,3393,"가발, 장식용품 및 교시용 모형 제조업",33932,조화 및 모조장식품 제조업,기타제조,기타제조,MissManu,기타제조,MissManu,KEEP,,
C,제조업,33,기타 제품 제조업,339,그외 기타 제품 제조업,3393,"가발, 장식용품 및 교시용 모형 제조업",33933,표구 및 전사처리 제조업,기타제조,기타제조,MissManu,기타제조,MissManu,KEEP,,
C,제조업,33,기타 제품 제조업,339,그외 기타 제품 제조업,3393,"가발, 장식용품 및 교시용 모형 제조업",33934,교시용 모형 제조업,기타제조,기타제조,MissManu,기타제조,MissManu,KEEP,,
C,제조업,33,기타 제품 제조업,339,그외 기타 제품 제조업,3399,그외 기타 분류안된 제품 제조업,33991,우산 및 지팡이 제조업,기타제조,기타제조,MissManu,기타제조,MissManu,KEEP,,
C,제조업,33,기타 제품 제조업,339,그외 기타 제품 제조업,3399,그외 기타 분류안된 제품 제조업,33992,단추 및 유사 파스너 제조업,기타제조,기타제조,MissManu,기타제조,MissManu,KEEP,,
C,제조업,33,기타 제품 제조업,339,그외 기타 제품 제조업,3399,그외 기타 분류안된 제품 제조업,33993,"라이터,연소물및흡연용품제조업",기타제조,기타제조,MissManu,기타제조,MissManu,KEEP,,
C,제조업,33,기타 제품 제조업,339,그외 기타 제품 제조업,3399,그외 기타 분류안된 제품 제조업,33994,비 및 솔 제조업,기타제조,기타제조,MissManu,기타제조,MissManu,KEEP,,
C,제조업,33,기타 제품 제조업,339,그외 기타 제품 제조업,3399,그외 기타 분류안된 제품 제조업,33999,그외기타분류되지않은제품제조업,기타제조,기타제조,MissManu,기타제조,MissManu,KEEP,,
C,제조업,33,기타 제품 제조업,339,그외 기타 제품 제조업,3399,그외 기타 분류안된 제품 제조업,33999,그외기타분류되지않은제품제조업,기타제조,기타제조,MissManu,기타제조,MissManu,KEEP,,
